id,family,title,given,when,then,environment,proposed_native_suite,evidence_path,status
CR11-COMP-01,COMP,Base route preservation,The original 34 route contracts and seven statement schemas,load v1.1 alongside an existing HCP client,"old requests, responses and signed golden bytes remain unchanged",Native codec + base/new gateway,modelnet_cr11_comp_tests,evidence/CR11-COMP-01/,NOT_RUN
CR11-COMP-02,COMP,Negotiated extension binding,An enrolled base ProviderProfile and signed extension,substitute a different parent profile digest,reject before any new extension effect,Native codec + base/new gateway,modelnet_cr11_comp_tests,evidence/CR11-COMP-02/,NOT_RUN
CR11-COMP-03,COMP,Unknown extension,An old server or unknown required feature,request a reserve or committee operation,return PROFILE_UNSUPPORTED without unrestricted funding fallback,Native codec + base/new gateway,modelnet_cr11_comp_tests,evidence/CR11-COMP-03/,NOT_RUN
CR11-COMP-04,COMP,Domain separation,The same body signed under one new object type,relabel it as an approval or receipt,reject the body ID/signature mismatch,Native codec + base/new gateway,modelnet_cr11_comp_tests,evidence/CR11-COMP-04/,NOT_RUN
CR11-COMP-05,COMP,Strict parser parity,"Duplicate keys, float values and invalid Unicode vectors",parse with native codec and both SDKs,all reject the same forbidden representations,Native codec + base/new gateway,modelnet_cr11_comp_tests,evidence/CR11-COMP-05/,NOT_RUN
CR11-COMP-06,COMP,No package version inflation,A valid Core v3 capability package,complete hosted reserve-funded acquisition,preserve exact package bytes and avoid creating Core v4,Native codec + base/new gateway,modelnet_cr11_comp_tests,evidence/CR11-COMP-06/,NOT_RUN
CR11-COMP-07,COMP,Safe downgrade,A new approved allocation using committees,disable the extension at the provider,stop new effects and retain reconciliation of accepted children,Native codec + base/new gateway,modelnet_cr11_comp_tests,evidence/CR11-COMP-07/,NOT_RUN
CR11-COMP-08,COMP,Key rotation,An extension signed by an expired or revoked role key,request a new financial action,reject while retaining historical receipts as dated evidence,Native codec + base/new gateway,modelnet_cr11_comp_tests,evidence/CR11-COMP-08/,NOT_RUN
CR11-COMP-09,COMP,Migration restart,Existing base intents and partially migrated new records,crash and restart schema migration,"resume without lost holds, duplicate records or orphaned exports",Native codec + base/new gateway,modelnet_cr11_comp_tests,evidence/CR11-COMP-09/,NOT_RUN
CR11-COMP-10,COMP,Rollback accountability,Accepted v1.1 financial children,roll back the application deployment,keep read/reconcile/refund paths and prohibit duplicate execution,Native codec + base/new gateway,modelnet_cr11_comp_tests,evidence/CR11-COMP-10/,NOT_RUN
CR11-ENTITY-01,ENTITY,Group view is not debit authority,A parent with read access to a subsidiary,submit a subsidiary debit using only parent scope,deny without reserving funds,Native API + identity/ledger lab,modelnet_cr11_entity_tests,evidence/CR11-ENTITY-01/,NOT_RUN
CR11-ENTITY-02,ENTITY,Family segregation,"Company, trust and foundation accounts in one overview",query and allocate from one selected entity,other entities remain outside the payer balance and mandate,Native API + identity/ledger lab,modelnet_cr11_entity_tests,evidence/CR11-ENTITY-02/,NOT_RUN
CR11-ENTITY-03,ENTITY,Adviser draft only,An adviser authorized to prepare plans,approve or execute the prepared plan,deny the higher effect while preserving the draft,Native API + identity/ledger lab,modelnet_cr11_entity_tests,evidence/CR11-ENTITY-03/,NOT_RUN
CR11-ENTITY-04,ENTITY,Forged request account,A valid token for entity A,submit a body naming entity B,reject account mismatch instead of trusting the body,Native API + identity/ledger lab,modelnet_cr11_entity_tests,evidence/CR11-ENTITY-04/,NOT_RUN
CR11-ENTITY-05,ENTITY,Self-escalation,An operator below policy-admin privilege,assign a larger role or spending limit to itself,deny and emit a scoped audit event,Native API + identity/ledger lab,modelnet_cr11_entity_tests,evidence/CR11-ENTITY-05/,NOT_RUN
CR11-ENTITY-06,ENTITY,Membership expiry,A committee member removed through enterprise identity,reuse an old active session to approve,recheck current role and reject when no longer eligible,Native API + identity/ledger lab,modelnet_cr11_entity_tests,evidence/CR11-ENTITY-06/,NOT_RUN
CR11-ENTITY-07,ENTITY,Scoped export,An adviser scoped to two portfolios,request a group-wide capital export,exclude unauthorized entities and records,Native API + identity/ledger lab,modelnet_cr11_entity_tests,evidence/CR11-ENTITY-07/,NOT_RUN
CR11-ENTITY-08,ENTITY,Cross-entity legs,A plan containing payments by two subsidiaries,approve with only one entity authority,leave the other leg unapproved and unexecuted,Native API + identity/ledger lab,modelnet_cr11_entity_tests,evidence/CR11-ENTITY-08/,NOT_RUN
CR11-ENTITY-09,ENTITY,Independent currencies,A group with USD and JPY reporting accounts,aggregate the management view,retain original amounts and use explicit dated FX observations,Native API + identity/ledger lab,modelnet_cr11_entity_tests,evidence/CR11-ENTITY-09/,NOT_RUN
CR11-ENTITY-10,ENTITY,Relationship revocation,An active group/adviser link,revoke and immediately submit new work,deny future actions without rewriting prior ownership history,Native API + identity/ledger lab,modelnet_cr11_entity_tests,evidence/CR11-ENTITY-10/,NOT_RUN
CR11-RESERVE-01,RESERVE,Capacity formula,"Available 1000, protected 400 and remaining authority 250 atoms",compute allocation capacity,return exactly 250 atoms,Native service + transactional multi-replica ledger,modelnet_cr11_reserve_tests,evidence/CR11-RESERVE-01/,NOT_RUN
CR11-RESERVE-02,RESERVE,Protected floor,A plan exceeding available less protected funds,attempt atomic reservation,reject with no partial hold or policy consumption,Native service + transactional multi-replica ledger,modelnet_cr11_reserve_tests,evidence/CR11-RESERVE-02/,NOT_RUN
CR11-RESERVE-03,RESERVE,Existing hold counted once,AVAILABLE already excludes an existing hold,compute snapshot and new reservation,avoid subtracting that hold twice,Native service + transactional multi-replica ledger,modelnet_cr11_reserve_tests,evidence/CR11-RESERVE-03/,NOT_RUN
CR11-RESERVE-04,RESERVE,Mandate exhaustion,Cash above the floor but only 10 atoms of authority,request 11 atoms,deny despite sufficient cash,Native service + transactional multi-replica ledger,modelnet_cr11_reserve_tests,evidence/CR11-RESERVE-04/,NOT_RUN
CR11-RESERVE-05,RESERVE,Concurrent allocation,One account with capacity for 20 equal plans,submit 100 distinct plans through multiple replicas,accept at most 20 and preserve nonnegative capacity,Native service + transactional multi-replica ledger,modelnet_cr11_reserve_tests,evidence/CR11-RESERVE-05/,NOT_RUN
CR11-RESERVE-06,RESERVE,Duplicate operation,One stable operation ID with identical body,retry concurrently after response loss,return one existing reservation,Native service + transactional multi-replica ledger,modelnet_cr11_reserve_tests,evidence/CR11-RESERVE-06/,NOT_RUN
CR11-RESERVE-07,RESERVE,Conflicting duplicate,One existing operation ID,reuse it with changed amount or destination,return IDEMPOTENCY_CONFLICT with no new effect,Native service + transactional multi-replica ledger,modelnet_cr11_reserve_tests,evidence/CR11-RESERVE-07/,NOT_RUN
CR11-RESERVE-08,RESERVE,Pending deposit exclusion,A pending deposit below required confirmation,plan a reserve allocation,exclude the deposit from AVAILABLE,Native service + transactional multi-replica ledger,modelnet_cr11_reserve_tests,evidence/CR11-RESERVE-08/,NOT_RUN
CR11-RESERVE-09,RESERVE,Encumbered capital exclusion,A balance pledged to an existing product,plan capability funding,exclude encumbered funds through the authoritative ledger,Native service + transactional multi-replica ledger,modelnet_cr11_reserve_tests,evidence/CR11-RESERVE-09/,NOT_RUN
CR11-RESERVE-10,RESERVE,Soft budget is not money,Two departments share one actual portfolio balance,reserve under both soft budgets,enforce the common financial ceiling rather than summing budgets,Native service + transactional multi-replica ledger,modelnet_cr11_reserve_tests,evidence/CR11-RESERVE-10/,NOT_RUN
CR11-VALUE-01,VALUE,Stale reserve price,A reporting-currency floor and expired quote,calculate executable reserve capacity,return PRICE_STALE rather than a spendable valuation,Native calculator + quote adapter lab,modelnet_cr11_value_tests,evidence/CR11-VALUE-01/,NOT_RUN
CR11-VALUE-02,VALUE,Conservative atom rounding,A conversion yielding fractional native atoms,derive a required protected floor,round upward without floating-point drift,Native calculator + quote adapter lab,modelnet_cr11_value_tests,evidence/CR11-VALUE-02/,NOT_RUN
CR11-VALUE-03,VALUE,Invalid market inputs,"Zero, negative, NaN or infinite prices",calculate or replenish,reject before creating a trade,Native calculator + quote adapter lab,modelnet_cr11_value_tests,evidence/CR11-VALUE-03/,NOT_RUN
CR11-VALUE-04,VALUE,Bounded stress haircut,An accepted price and configured haircut,derive the protected floor,use the approved conservative price and exact rounding,Native calculator + quote adapter lab,modelnet_cr11_value_tests,evidence/CR11-VALUE-04/,NOT_RUN
CR11-VALUE-05,VALUE,Replenishment cooldown,An AUTO policy with a recent accepted top-up,trigger many new observations,create no second active replenishment within the limit,Native calculator + quote adapter lab,modelnet_cr11_value_tests,evidence/CR11-VALUE-05/,NOT_RUN
CR11-VALUE-06,VALUE,Source asset restriction,An AUTO policy authorizing one source asset,propose conversion from another asset,deny without an order,Native calculator + quote adapter lab,modelnet_cr11_value_tests,evidence/CR11-VALUE-06/,NOT_RUN
CR11-VALUE-07,VALUE,Lifetime turnover,Repeated top-ups within individual caps,cross the cumulative authorized turnover,stop even when the new order alone is small,Native calculator + quote adapter lab,modelnet_cr11_value_tests,evidence/CR11-VALUE-07/,NOT_RUN
CR11-VALUE-08,VALUE,Quote expiry before execution,An approved plan with a stale firm quote,submit after expiration,require renewed matching approval or an explicitly valid bound,Native calculator + quote adapter lab,modelnet_cr11_value_tests,evidence/CR11-VALUE-08/,NOT_RUN
CR11-VALUE-09,VALUE,Unknown conversion,A venue times out after possible execution,trigger retry and reserve recomputation,retain uncertainty and do not duplicate or reverse the trade,Native calculator + quote adapter lab,modelnet_cr11_value_tests,evidence/CR11-VALUE-09/,NOT_RUN
CR11-VALUE-10,VALUE,Suggest is read/plan only,A SUGGEST policy under its lower band,run the scheduled evaluator,produce a proposal with zero executed orders,Native calculator + quote adapter lab,modelnet_cr11_value_tests,evidence/CR11-VALUE-10/,NOT_RUN
CR11-TCO-01,TCO,Worked ownership case,"20m tasks/year, $0.01/task, three years; $50k plus $65k/year local",calculate comparison,return $600000 versus $245000 and the defined break-even,Native Decimal calculator + evidence fixtures,modelnet_cr11_tco_tests,evidence/CR11-TCO-01/,NOT_RUN
CR11-TCO-02,TCO,Quality equivalence,A cheaper recipe below the workload acceptance threshold,rank acquisition alternatives,exclude it from an equivalent-savings claim,Native Decimal calculator + evidence fixtures,modelnet_cr11_tco_tests,evidence/CR11-TCO-02/,NOT_RUN
CR11-TCO-03,TCO,Unknown cost,A route missing an operating or hardware cost,calculate total cost,preserve unknown instead of silently using zero,Native Decimal calculator + evidence fixtures,modelnet_cr11_tco_tests,evidence/CR11-TCO-03/,NOT_RUN
CR11-TCO-04,TCO,Unit separation,"BTX atoms, USD cents and task units",import cost lines,reject ambiguous or mismatched unit arithmetic,Native Decimal calculator + evidence fixtures,modelnet_cr11_tco_tests,evidence/CR11-TCO-04/,NOT_RUN
CR11-TCO-05,TCO,Hardware counted once,An upfront hardware purchase plus annual allocated costs,produce total cost,detect duplicated hardware allocation or require explicit allocation policy,Native Decimal calculator + evidence fixtures,modelnet_cr11_tco_tests,evidence/CR11-TCO-05/,NOT_RUN
CR11-TCO-06,TCO,Utilization sensitivity,Same hardware with low and high accepted-task utilization,compare ownership cases,recalculate per-task results without fixed universal savings,Native Decimal calculator + evidence fixtures,modelnet_cr11_tco_tests,evidence/CR11-TCO-06/,NOT_RUN
CR11-TCO-07,TCO,Horizon boundaries,"A malformed, zero or excessive planning horizon",submit a workload,reject or enforce the finite supported horizon,Native Decimal calculator + evidence fixtures,modelnet_cr11_tco_tests,evidence/CR11-TCO-07/,NOT_RUN
CR11-TCO-08,TCO,Forecast versus actual,A predicted saving and later measured report,aggregate a board statement,keep assumptions and actual observations separate,Native Decimal calculator + evidence fixtures,modelnet_cr11_tco_tests,evidence/CR11-TCO-08/,NOT_RUN
CR11-TCO-09,TCO,Private workload inputs,A local feasibility summary without raw prompts,run hosted comparison,complete without collecting private prompt or KV state,Native Decimal calculator + evidence fixtures,modelnet_cr11_tco_tests,evidence/CR11-TCO-09/,NOT_RUN
CR11-TCO-10,TCO,External route stays planning,An external-service route wins the comparison,accept its plan preview,do not route inference calls or purchase service automatically,Native Decimal calculator + evidence fixtures,modelnet_cr11_tco_tests,evidence/CR11-TCO-10/,NOT_RUN
CR11-APPROVE-01,APPROVE,Distinct-person quorum,A two-person rule and two sessions of one person,approve through both sessions,count one person and keep quorum pending,Native approval service + real identity lab,modelnet_cr11_approve_tests,evidence/CR11-APPROVE-01/,NOT_RUN
CR11-APPROVE-02,APPROVE,Initiator exclusion,An initiator-excluded committee rule,have the initiator approve,record or reject as specified but never count toward quorum,Native approval service + real identity lab,modelnet_cr11_approve_tests,evidence/CR11-APPROVE-02/,NOT_RUN
CR11-APPROVE-03,APPROVE,Changed allocation,An approved immutable plan,"change amount, payer, recipient or recipe dependency",invalidate the old matching approval before execution,Native approval service + real identity lab,modelnet_cr11_approve_tests,evidence/CR11-APPROVE-03/,NOT_RUN
CR11-APPROVE-04,APPROVE,Changed policy,A prepared decision under an older reserve policy,revoke or replace policy generation,deny submit until authority matches,Native approval service + real identity lab,modelnet_cr11_approve_tests,evidence/CR11-APPROVE-04/,NOT_RUN
CR11-APPROVE-05,APPROVE,Changed committee,An approval under a superseded rule,execute with that decision,recheck rule digest and current accepted membership,Native approval service + real identity lab,modelnet_cr11_approve_tests,evidence/CR11-APPROVE-05/,NOT_RUN
CR11-APPROVE-06,APPROVE,Veto,A veto-enabled rule with approvals plus a valid rejection,attempt execution,deny while veto remains active,Native approval service + real identity lab,modelnet_cr11_approve_tests,evidence/CR11-APPROVE-06/,NOT_RUN
CR11-APPROVE-07,APPROVE,Decision withdrawal,A previously counted approver withdraws,execute afterward,count only the latest valid decision,Native approval service + real identity lab,modelnet_cr11_approve_tests,evidence/CR11-APPROVE-07/,NOT_RUN
CR11-APPROVE-08,APPROVE,Decision expiration,Quorum assembled from expired decisions,submit the allocation,return approval required,Native approval service + real identity lab,modelnet_cr11_approve_tests,evidence/CR11-APPROVE-08/,NOT_RUN
CR11-APPROVE-09,APPROVE,Two authorities,A valid financial committee approval but no local device grant,request runtime preparation,keep finance authorization separate and request local permission,Native approval service + real identity lab,modelnet_cr11_approve_tests,evidence/CR11-APPROVE-09/,NOT_RUN
CR11-APPROVE-10,APPROVE,Role-body mismatch,A token for one person/role,submit an ApprovalDecision naming another,reject forged actor before counting,Native approval service + real identity lab,modelnet_cr11_approve_tests,evidence/CR11-APPROVE-10/,NOT_RUN
CR11-PLAN-01,PLAN,Cycle rejection,An allocation graph with a dependency cycle,plan execution,reject without reserving or dispatching a child,Native DAG planner + process executor,modelnet_cr11_plan_tests,evidence/CR11-PLAN-01/,NOT_RUN
CR11-PLAN-02,PLAN,Missing dependency,A leg naming a nonexistent prerequisite,validate allocation,reject the inconsistent graph,Native DAG planner + process executor,modelnet_cr11_plan_tests,evidence/CR11-PLAN-02/,NOT_RUN
CR11-PLAN-03,PLAN,Finite graph,More than 32 legs or depth greater than 16,submit a plan,reject before expensive expansion,Native DAG planner + process executor,modelnet_cr11_plan_tests,evidence/CR11-PLAN-03/,NOT_RUN
CR11-PLAN-04,PLAN,Stable child identities,An authorized parent retried after coordinator restart,resume children,reuse each exact child operation ID and intent,Native DAG planner + process executor,modelnet_cr11_plan_tests,evidence/CR11-PLAN-04/,NOT_RUN
CR11-PLAN-05,PLAN,Partial conversion,Conversion succeeds and funding terms expire,continue the parent saga,retain BTX and return explicit PARTIAL without auto-reversal,Native DAG planner + process executor,modelnet_cr11_plan_tests,evidence/CR11-PLAN-05/,NOT_RUN
CR11-PLAN-06,PLAN,Unknown child,One child may have signed or broadcast,cancel or retry the parent,retain its hold and enter reconciliation,Native DAG planner + process executor,modelnet_cr11_plan_tests,evidence/CR11-PLAN-06/,NOT_RUN
CR11-PLAN-07,PLAN,Fenced execution,Two replicas contend for the same accepted allocation,dispatch simultaneously,one valid fenced owner controls each financial child,Native DAG planner + process executor,modelnet_cr11_plan_tests,evidence/CR11-PLAN-07/,NOT_RUN
CR11-PLAN-08,PLAN,Pre-effect cancellation,No child has any external effect,cancel the allocation,release only safe reservations atomically,Native DAG planner + process executor,modelnet_cr11_plan_tests,evidence/CR11-PLAN-08/,NOT_RUN
CR11-PLAN-09,PLAN,Post-effect cancellation,A child already converted or broadcast,cancel the allocation,stop new work but preserve completed and uncertain effects,Native DAG planner + process executor,modelnet_cr11_plan_tests,evidence/CR11-PLAN-09/,NOT_RUN
CR11-PLAN-10,PLAN,Separate entity approvals,A multi-entity graph with incomplete authorization,execute eligible branches,never use one entity approval for another entity funds,Native DAG planner + process executor,modelnet_cr11_plan_tests,evidence/CR11-PLAN-10/,NOT_RUN
CR11-LEDGER-01,LEDGER,Customer lot mapping,Two customers fund the same programme,execute native funding,preserve one exact customer-action-to-lot/outpoint mapping,Actual native regtest + custody + database fault lab,modelnet_cr11_ledger_tests,evidence/CR11-LEDGER-01/,NOT_RUN
CR11-LEDGER-02,LEDGER,Signer crash,Signer persists a signature then response is lost,restart gateway and signer client,recover exact signed bytes without a second spend,Actual native regtest + custody + database fault lab,modelnet_cr11_ledger_tests,evidence/CR11-LEDGER-02/,NOT_RUN
CR11-LEDGER-03,LEDGER,Broadcast ambiguity,Native broadcast succeeds but response is lost,retry after all workers restart,rebroadcast identical bytes or reconcile the original transaction,Actual native regtest + custody + database fault lab,modelnet_cr11_ledger_tests,evidence/CR11-LEDGER-03/,NOT_RUN
CR11-LEDGER-04,LEDGER,Reorg correction,A confirmed funding transaction is reorganized,observe chain change,correct status without granting duplicate spend capacity,Actual native regtest + custody + database fault lab,modelnet_cr11_ledger_tests,evidence/CR11-LEDGER-04/,NOT_RUN
CR11-LEDGER-05,LEDGER,Known secret persists,A release secret was learned before reorg,reconcile financial rollback,retain knowledge while updating settlement state,Actual native regtest + custody + database fault lab,modelnet_cr11_ledger_tests,evidence/CR11-LEDGER-05/,NOT_RUN
CR11-LEDGER-06,LEDGER,Refund beneficiary,A custodial contribution becomes natively refundable,execute refund and customer credit,credit the exact original beneficiary under terms,Actual native regtest + custody + database fault lab,modelnet_cr11_ledger_tests,evidence/CR11-LEDGER-06/,NOT_RUN
CR11-LEDGER-07,LEDGER,No lifetime recycling,A spent allocation is later refunded,request another spend beyond lifetime cap,deny until new authority is explicitly approved,Actual native regtest + custody + database fault lab,modelnet_cr11_ledger_tests,evidence/CR11-LEDGER-07/,NOT_RUN
CR11-LEDGER-08,LEDGER,Fee conservation,Fee cap exceeds actual settled fees,settle the child,release unused reservation and recognize actual fees once,Actual native regtest + custody + database fault lab,modelnet_cr11_ledger_tests,evidence/CR11-LEDGER-08/,NOT_RUN
CR11-LEDGER-09,LEDGER,Database/signing boundary,Database outage occurs during external signer call,recover outbox ownership,avoid assuming a database transaction rolled back the signature,Actual native regtest + custody + database fault lab,modelnet_cr11_ledger_tests,evidence/CR11-LEDGER-09/,NOT_RUN
CR11-LEDGER-10,LEDGER,Backup recovery,Restore custody and ledger backups in an isolated lab,reconcile and refund a valid lot,"preserve native signing rights, customer attribution and history",Actual native regtest + custody + database fault lab,modelnet_cr11_ledger_tests,evidence/CR11-LEDGER-10/,NOT_RUN
CR11-PROGRAM-01,PROGRAM,Outcome-defined objective,A programme references a workload and evidence threshold,publish programme,retain exact objective without selecting a mandatory model brand,Native programme + bounty/release process lab,modelnet_cr11_program_tests,evidence/CR11-PROGRAM-01/,NOT_RUN
CR11-PROGRAM-02,PROGRAM,Independent sponsors,Two entities join and fund,observe progress and native outputs,show separate commitments and refund controllers,Native programme + bounty/release process lab,modelnet_cr11_program_tests,evidence/CR11-PROGRAM-02/,NOT_RUN
CR11-PROGRAM-03,PROGRAM,Membership not consent,A member joins without financial authorization,request programme debit,require a separate approved allocation,Native programme + bounty/release process lab,modelnet_cr11_program_tests,evidence/CR11-PROGRAM-03/,NOT_RUN
CR11-PROGRAM-04,PROGRAM,No invented pool,A programme has a large aggregate budget,generate API and UI views,do not create pooled escrow or transferable security rights,Native programme + bounty/release process lab,modelnet_cr11_program_tests,evidence/CR11-PROGRAM-04/,NOT_RUN
CR11-PROGRAM-05,PROGRAM,Native evaluation authority,A supplier reports a successful benchmark,attempt award from the report alone,retain the committed native evaluator/award rules,Native programme + bounty/release process lab,modelnet_cr11_program_tests,evidence/CR11-PROGRAM-05/,NOT_RUN
CR11-PROGRAM-06,PROGRAM,Evidence privacy,Private sponsor evidence under member access,query from another member or public scope,enforce declared visibility,Native programme + bounty/release process lab,modelnet_cr11_program_tests,evidence/CR11-PROGRAM-06/,NOT_RUN
CR11-PROGRAM-07,PROGRAM,Refund terms,A programme closes without success,request refunds,use each native lot condition rather than a programme button guarantee,Native programme + bounty/release process lab,modelnet_cr11_program_tests,evidence/CR11-PROGRAM-07/,NOT_RUN
CR11-PROGRAM-08,PROGRAM,Terms revision,A new programme objective changes native references,fund under old approvals,require exact renewed terms/authority,Native programme + bounty/release process lab,modelnet_cr11_program_tests,evidence/CR11-PROGRAM-08/,NOT_RUN
CR11-PROGRAM-09,PROGRAM,Supplier proceeds,An actual claim completes,generate treasury and fee report,"recognize actual proceeds and fees, not nominal bounty size",Native programme + bounty/release process lab,modelnet_cr11_program_tests,evidence/CR11-PROGRAM-09/,NOT_RUN
CR11-PROGRAM-10,PROGRAM,Replicated deployment,A funded output reaches 100 devices,record programme impact,count deployments without multiplying acquired rights or principal,Native programme + bounty/release process lab,modelnet_cr11_program_tests,evidence/CR11-PROGRAM-10/,NOT_RUN
CR11-HOLD-01,HOLD,Public free holding,A public model acquired without payment,record portfolio holding,"show zero acquisition cost or defined allocation, no fabricated price",Native holdings + local runtime fixture,modelnet_cr11_hold_tests,evidence/CR11-HOLD-01/,NOT_RUN
CR11-HOLD-02,HOLD,Exact recipe identity,Same weights with different adapter scales,record positions,keep distinct recipe/lock identities,Native holdings + local runtime fixture,modelnet_cr11_hold_tests,evidence/CR11-HOLD-02/,NOT_RUN
CR11-HOLD-03,HOLD,Rights independence,A release contribution and public resource,display acquired position,do not infer exclusive IP or model revenue rights,Native holdings + local runtime fixture,modelnet_cr11_hold_tests,evidence/CR11-HOLD-03/,NOT_RUN
CR11-HOLD-04,HOLD,Shared base allocation,Three recipes reuse one paid base,report aggregate acquisition cost,count the base once under the chosen allocation method,Native holdings + local runtime fixture,modelnet_cr11_hold_tests,evidence/CR11-HOLD-04/,NOT_RUN
CR11-HOLD-05,HOLD,Ready is local evidence,Finance is confirmed but model is not loaded,read position status,do not report local runtime READY,Native holdings + local runtime fixture,modelnet_cr11_hold_tests,evidence/CR11-HOLD-05/,NOT_RUN
CR11-HOLD-06,HOLD,Lock update,A channel points to a new model,reuse a locked position,retain exact old lock until authorized update,Native holdings + local runtime fixture,modelnet_cr11_hold_tests,evidence/CR11-HOLD-06/,NOT_RUN
CR11-HOLD-07,HOLD,Retirement is not deletion,A user retires the hosted management position,observe local files and active session,preserve public files and lease-safe local behavior,Native holdings + local runtime fixture,modelnet_cr11_hold_tests,evidence/CR11-HOLD-07/,NOT_RUN
CR11-HOLD-08,HOLD,Provider exit,A customer disconnects the CEX,use acquired public capability,continue locally without a provider heartbeat,Native holdings + local runtime fixture,modelnet_cr11_hold_tests,evidence/CR11-HOLD-08/,NOT_RUN
CR11-HOLD-09,HOLD,Cost not liquid mark,A useful private capability has an acquisition cost,calculate reserve NAV,exclude cognitive cost from spendable reserve,Native holdings + local runtime fixture,modelnet_cr11_hold_tests,evidence/CR11-HOLD-09/,NOT_RUN
CR11-HOLD-10,HOLD,Private inventory,A local client keeps reporting disabled,inspect hosted holdings,do not infer or enumerate its private local inventory,Native holdings + local runtime fixture,modelnet_cr11_hold_tests,evidence/CR11-HOLD-10/,NOT_RUN
CR11-PRODUCT-01,PRODUCT,Eligibility,A product exists but customer is ineligible,request referral or execution,return explicit eligibility result before effects,Native catalogue + existing product adapter lab,modelnet_cr11_product_tests,evidence/CR11-PRODUCT-01/,NOT_RUN
CR11-PRODUCT-02,PRODUCT,Referral is not execution,An approved introduction request,complete referral,"do not create a trade, loan or funded contract",Native catalogue + existing product adapter lab,modelnet_cr11_product_tests,evidence/CR11-PRODUCT-02/,NOT_RUN
CR11-PRODUCT-03,PRODUCT,Actual rights,A partner offer references a credit or hedge contract,display product,show actual provider/contract not a BTX-created security,Native catalogue + existing product adapter lab,modelnet_cr11_product_tests,evidence/CR11-PRODUCT-03/,NOT_RUN
CR11-PRODUCT-04,PRODUCT,Fee state,A product card is clicked but no contract executes,run revenue reporting,book no execution/referral fee without its contracted event,Native catalogue + existing product adapter lab,modelnet_cr11_product_tests,evidence/CR11-PRODUCT-04/,NOT_RUN
CR11-PRODUCT-05,PRODUCT,Encumbrance,Partner credit places a hold on BTX,request native capability funding,observe reduced actual availability,Native catalogue + existing product adapter lab,modelnet_cr11_product_tests,evidence/CR11-PRODUCT-05/,NOT_RUN
CR11-PRODUCT-06,PRODUCT,Firm quote expiry,A partner quote expires after draft approval,execute through its adapter,enforce quote/authorization bounds,Native catalogue + existing product adapter lab,modelnet_cr11_product_tests,evidence/CR11-PRODUCT-06/,NOT_RUN
CR11-PRODUCT-07,PRODUCT,Data sharing consent,A hardware partner needs deployment details,create referral,send only the customer-approved bounded data,Native catalogue + existing product adapter lab,modelnet_cr11_product_tests,evidence/CR11-PRODUCT-07/,NOT_RUN
CR11-PRODUCT-08,PRODUCT,Adapter outage,One external product service is unavailable,browse public capability and query balances,isolate failure from core discovery and finance state,Native catalogue + existing product adapter lab,modelnet_cr11_product_tests,evidence/CR11-PRODUCT-08/,NOT_RUN
CR11-PRODUCT-09,PRODUCT,Existing engine,A capital plan references OTC conversion,execute eligible order,use actual venue execution rather than fabricated native terms,Native catalogue + existing product adapter lab,modelnet_cr11_product_tests,evidence/CR11-PRODUCT-09/,NOT_RUN
CR11-PRODUCT-10,PRODUCT,No phantom yield,A customer deposits BTX,show reserve page,do not invent staking yield or automatic rehypothecation,Native catalogue + existing product adapter lab,modelnet_cr11_product_tests,evidence/CR11-PRODUCT-10/,NOT_RUN
CR11-REPORT-01,REPORT,Snapshot consistency,Balances change during a large report,paginate and export,bind to a consistent snapshot or explicit per-source observations,Native reporting + export validators,modelnet_cr11_report_tests,evidence/CR11-REPORT-01/,NOT_RUN
CR11-REPORT-02,REPORT,Separate values,"Cash, research commitments and capability costs",render an executive report,keep three dimensions separate without invented NAV,Native reporting + export validators,modelnet_cr11_report_tests,evidence/CR11-REPORT-02/,NOT_RUN
CR11-REPORT-03,REPORT,Entity scope,A family adviser lacks one entity entitlement,export a group report,exclude unauthorized data,Native reporting + export validators,modelnet_cr11_report_tests,evidence/CR11-REPORT-03/,NOT_RUN
CR11-REPORT-04,REPORT,FX freshness,A missing or stale reporting-currency rate,generate valuation,show unavailable valuation without substituting zero,Native reporting + export validators,modelnet_cr11_report_tests,evidence/CR11-REPORT-04/,NOT_RUN
CR11-REPORT-05,REPORT,FOCUS edition,Compatible cost records under pinned FOCUS1.3,export and validate,match that edition and its supported extension rules,Native reporting + export validators,modelnet_cr11_report_tests,evidence/CR11-REPORT-05/,NOT_RUN
CR11-REPORT-06,REPORT,Duplicate invoice,Same vendor invoice/period imported twice,rebuild cost allocation,deduplicate or explicitly flag duplicate records,Native reporting + export validators,modelnet_cr11_report_tests,evidence/CR11-REPORT-06/,NOT_RUN
CR11-REPORT-07,REPORT,Assumption provenance,Forecast savings later differ from observed spend,produce performance comparison,retain original assumption version and actual period,Native reporting + export validators,modelnet_cr11_report_tests,evidence/CR11-REPORT-07/,NOT_RUN
CR11-REPORT-08,REPORT,Actual revenue,"Deposits, funding principal and one executed fee",compute revenue,include only the actual earned fee on its proper basis,Native reporting + export validators,modelnet_cr11_report_tests,evidence/CR11-REPORT-08/,NOT_RUN
CR11-REPORT-09,REPORT,History correction,A receipt or report is corrected,inspect prior links,retain immutable original and explicit superseding record,Native reporting + export validators,modelnet_cr11_report_tests,evidence/CR11-REPORT-09/,NOT_RUN
CR11-REPORT-10,REPORT,Spreadsheet injection,Labels begin with formula-control characters,export CSV for office tools,escape safely without changing canonical signed source data,Native reporting + export validators,modelnet_cr11_report_tests,evidence/CR11-REPORT-10/,NOT_RUN
CR11-LOCAL-01,LOCAL,Walletless acquisition,A clean hosted client with no monetary node,acquire public capability,verify and prepare without wallet funding or full chain sync,Actual local client + native peers + runtime,modelnet_cr11_local_tests,evidence/CR11-LOCAL-01/,NOT_RUN
CR11-LOCAL-02,LOCAL,Locality reuse,Resident base and LAN adapter plus remote hint,ensure approved capability,use eligible lower-TTC local path without needless full download,Actual local client + native peers + runtime,modelnet_cr11_local_tests,evidence/CR11-LOCAL-02/,NOT_RUN
CR11-LOCAL-03,LOCAL,Owner grant,A handoff has valid CEX signature but missing local grant,request preparation,ask for local approval without executing,Actual local client + native peers + runtime,modelnet_cr11_local_tests,evidence/CR11-LOCAL-03/,NOT_RUN
CR11-LOCAL-04,LOCAL,CFO not OS authority,A financial approval requests an untrusted executable,import handoff,retain independent software trust requirement,Actual local client + native peers + runtime,modelnet_cr11_local_tests,evidence/CR11-LOCAL-04/,NOT_RUN
CR11-LOCAL-05,LOCAL,Gateway outage,Public capability is already ready,disconnect hosted provider,continue local use and safe lease lifecycle,Actual local client + native peers + runtime,modelnet_cr11_local_tests,evidence/CR11-LOCAL-05/,NOT_RUN
CR11-LOCAL-06,LOCAL,Package substitution,Provider returns changed bytes under the expected package ID,import package,reject identity mismatch before load,Actual local client + native peers + runtime,modelnet_cr11_local_tests,evidence/CR11-LOCAL-06/,NOT_RUN
CR11-LOCAL-07,LOCAL,Device replay,A handoff for device A is replayed to B,accept on B,deny caller/device mismatch,Actual local client + native peers + runtime,modelnet_cr11_local_tests,evidence/CR11-LOCAL-07/,NOT_RUN
CR11-LOCAL-08,LOCAL,Physical cancellation,A device transfer remains in flight after logical cancel,release the hosted job,retain physical buffers until backend fence confirms safety,Actual local client + native peers + runtime,modelnet_cr11_local_tests,evidence/CR11-LOCAL-08/,NOT_RUN
CR11-LOCAL-09,LOCAL,Credential isolation,CEX tokens and cloud sentinels are installed,run acquisition and runtime,"no token appears in model, package, process environment or peer traffic",Actual local client + native peers + runtime,modelnet_cr11_local_tests,evidence/CR11-LOCAL-09/,NOT_RUN
CR11-LOCAL-10,LOCAL,Coarse reporting,Owner opts into readiness summary only,complete deployment,"send no raw prompts, KV, absolute paths or complete inventory",Actual local client + native peers + runtime,modelnet_cr11_local_tests,evidence/CR11-LOCAL-10/,NOT_RUN
CR11-AUTH-01,AUTH,Wrong sender key,A financial token bound to key A,use it with key B proof,deny token use,Actual OAuth profile + native gateway,modelnet_cr11_auth_tests,evidence/CR11-AUTH-01/,NOT_RUN
CR11-AUTH-02,AUTH,DPoP replay,An already accepted proof,reuse it as a new request,reject proof replay while business idempotency stays separate,Actual OAuth profile + native gateway,modelnet_cr11_auth_tests,evidence/CR11-AUTH-02/,NOT_RUN
CR11-AUTH-03,AUTH,Body substitution,A valid proof for route but altered plan body,submit financial action,reject unmatched immutable approval digest,Actual OAuth profile + native gateway,modelnet_cr11_auth_tests,evidence/CR11-AUTH-03/,NOT_RUN
CR11-AUTH-04,AUTH,Audience mismatch,A catalogue token for another audience,call reserve execution,deny,Actual OAuth profile + native gateway,modelnet_cr11_auth_tests,evidence/CR11-AUTH-04/,NOT_RUN
CR11-AUTH-05,AUTH,Public client secrecy,A desktop installer and configuration,inspect distributed credentials,contain no confidential shared OAuth secret,Actual OAuth profile + native gateway,modelnet_cr11_auth_tests,evidence/CR11-AUTH-05/,NOT_RUN
CR11-AUTH-06,AUTH,Read-only scope,A catalogue/read token,POST approval or execution,deny before state mutation,Actual OAuth profile + native gateway,modelnet_cr11_auth_tests,evidence/CR11-AUTH-06/,NOT_RUN
CR11-AUTH-07,AUTH,Provider key compromise,An operational signer is revoked,create new signed handoff,reject new authority while preserving historic records,Actual OAuth profile + native gateway,modelnet_cr11_auth_tests,evidence/CR11-AUTH-07/,NOT_RUN
CR11-AUTH-08,AUTH,Root enrollment,A package includes a new provider root,attempt automatic enrollment,require independently accepted provider policy,Actual OAuth profile + native gateway,modelnet_cr11_auth_tests,evidence/CR11-AUTH-08/,NOT_RUN
CR11-AUTH-09,AUTH,Browser request forgery,Cross-origin malicious page targets local/gateway effects,trigger browser request,enforce session/origin/profile protections,Actual OAuth profile + native gateway,modelnet_cr11_auth_tests,evidence/CR11-AUTH-09/,NOT_RUN
CR11-AUTH-10,AUTH,SSRF boundary,A remote object references private metadata endpoint,fetch or refer,deny unless explicitly approved infrastructure under safe policy,Actual OAuth profile + native gateway,modelnet_cr11_auth_tests,evidence/CR11-AUTH-10/,NOT_RUN
CR11-PRIV-01,PRIV,Reporting default,Fresh local connector enrollment,prepare and run capability,no local telemetry is sent by default,Packet capture + multi-tenant process lab,modelnet_cr11_priv_tests,evidence/CR11-PRIV-01/,NOT_RUN
CR11-PRIV-02,PRIV,Private response cache,Two customers request account state,exercise cache paths,never serve one customer data to another,Packet capture + multi-tenant process lab,modelnet_cr11_priv_tests,evidence/CR11-PRIV-02/,NOT_RUN
CR11-PRIV-03,PRIV,Event partition,An event cursor belongs to another entity/filter,resume stream,deny mismatch,Packet capture + multi-tenant process lab,modelnet_cr11_priv_tests,evidence/CR11-PRIV-03/,NOT_RUN
CR11-PRIV-04,PRIV,Secret sentinels,Known fake secrets appear in private configuration,export/log all public surfaces,find no sentinel in unauthorized outputs,Packet capture + multi-tenant process lab,modelnet_cr11_priv_tests,evidence/CR11-PRIV-04/,NOT_RUN
CR11-PRIV-05,PRIV,Prompt and KV,A real local runtime uses private input,exercise hosted reporting,no input or cached state reaches the hosted service,Packet capture + multi-tenant process lab,modelnet_cr11_priv_tests,evidence/CR11-PRIV-05/,NOT_RUN
CR11-PRIV-06,PRIV,Aggregate analytics,A tiny identifiable cohort,publish analytics,enforce explicit policy and minimum cohort controls,Packet capture + multi-tenant process lab,modelnet_cr11_priv_tests,evidence/CR11-PRIV-06/,NOT_RUN
CR11-PRIV-07,PRIV,Export credential exclusion,A customer exports provider records,inspect archive,"exclude login tokens, private keys and bearer capabilities",Packet capture + multi-tenant process lab,modelnet_cr11_priv_tests,evidence/CR11-PRIV-07/,NOT_RUN
CR11-PRIV-08,PRIV,Adviser revocation,An adviser loses rights mid-export,continue a queued job,stop unauthorized new disclosure under explicit snapshot policy,Packet capture + multi-tenant process lab,modelnet_cr11_priv_tests,evidence/CR11-PRIV-08/,NOT_RUN
CR11-PRIV-09,PRIV,Financial retention distinction,A user opts out of product analytics,process an existing transaction,honor analytics choice while retaining required authorized financial history,Packet capture + multi-tenant process lab,modelnet_cr11_priv_tests,evidence/CR11-PRIV-09/,NOT_RUN
CR11-PRIV-10,PRIV,Pairwise device identity,One device connects to two CEXs,inspect provider-visible identifiers,use distinct pairwise identifiers and no global private tracking ID,Packet capture + multi-tenant process lab,modelnet_cr11_priv_tests,evidence/CR11-PRIV-10/,NOT_RUN
CR11-UX-01,UX,Six primary screens,A new customer account,complete the main navigation,"find Overview, Reserves, Capabilities, Build, Approvals and Activity without terminal use",Built portal + browser accessibility lab,modelnet_cr11_ux_tests,evidence/CR11-UX-01/,NOT_RUN
CR11-UX-02,UX,Persistent payer,A user moves from group overview to funding,review final packet,show exact legal payer and portfolio,Built portal + browser accessibility lab,modelnet_cr11_ux_tests,evidence/CR11-UX-02/,NOT_RUN
CR11-UX-03,UX,One decision packet,A normal approved workflow,review and authorize,present all effects coherently without per-packet prompts,Built portal + browser accessibility lab,modelnet_cr11_ux_tests,evidence/CR11-UX-03/,NOT_RUN
CR11-UX-04,UX,Independent local permission,Finance approval succeeds before device authorization,continue browser journey,identify the remaining local permission separately,Built portal + browser accessibility lab,modelnet_cr11_ux_tests,evidence/CR11-UX-04/,NOT_RUN
CR11-UX-05,UX,Duplicate click,User clicks execute twice during delay,observe financial executor,one business operation occurs,Built portal + browser accessibility lab,modelnet_cr11_ux_tests,evidence/CR11-UX-05/,NOT_RUN
CR11-UX-06,UX,Unknown outcome copy,A broadcast response is lost,view Activity,show reconciliation and no unsafe retry-new-payment CTA,Built portal + browser accessibility lab,modelnet_cr11_ux_tests,evidence/CR11-UX-06/,NOT_RUN
CR11-UX-07,UX,Keyboard and reader,Keyboard-only and screen-reader user,complete acquisition and approval,"meet WCAG2.2AA focus, labels and status requirements",Built portal + browser accessibility lab,modelnet_cr11_ux_tests,evidence/CR11-UX-07/,NOT_RUN
CR11-UX-08,UX,Session reauthentication,Login expires during review,reauthenticate and return,retain draft but recheck current plan and permissions,Built portal + browser accessibility lab,modelnet_cr11_ux_tests,evidence/CR11-UX-08/,NOT_RUN
CR11-UX-09,UX,Localized units,Japanese and English locales,display and submit money,preserve canonical atom/currency values without truncating payer or amount,Built portal + browser accessibility lab,modelnet_cr11_ux_tests,evidence/CR11-UX-09/,NOT_RUN
CR11-UX-10,UX,Free public journey,A public capability is selected,acquire under finite local grant,"no compulsory exchange payment, new wallet or forced subscription",Built portal + browser accessibility lab,modelnet_cr11_ux_tests,evidence/CR11-UX-10/,NOT_RUN
CR11-SCALE-01,SCALE,Read load,Declared hardware and catalogue snapshot,run 1000 read requests per second,"report latency, errors and resource use honestly",Measured multi-process load + persistence lab,modelnet_cr11_scale_tests,evidence/CR11-SCALE-01/,NOT_RUN
CR11-SCALE-02,SCALE,Write load,Real transactional policy/planning service,run 100 writes per second,preserve consistency and publish measured queue behavior,Measured multi-process load + persistence lab,modelnet_cr11_scale_tests,evidence/CR11-SCALE-02/,NOT_RUN
CR11-SCALE-03,SCALE,History scale,100000 mixed history records,query/report with pagination,maintain bounded memory and snapshot integrity,Measured multi-process load + persistence lab,modelnet_cr11_scale_tests,evidence/CR11-SCALE-03/,NOT_RUN
CR11-SCALE-04,SCALE,Queued jobs,10000 bounded background jobs,cancel and recover subsets,keep resource limits and fairness,Measured multi-process load + persistence lab,modelnet_cr11_scale_tests,evidence/CR11-SCALE-04/,NOT_RUN
CR11-SCALE-05,SCALE,Body bound,A body exceeding 1MiB or graph limits,submit it,reject before unbounded allocation or signature work,Measured multi-process load + persistence lab,modelnet_cr11_scale_tests,evidence/CR11-SCALE-05/,NOT_RUN
CR11-SCALE-06,SCALE,Failure isolation,Product/report service is slow,serve native finance reconciliation,prevent auxiliary starvation of critical work,Measured multi-process load + persistence lab,modelnet_cr11_scale_tests,evidence/CR11-SCALE-06/,NOT_RUN
CR11-SCALE-07,SCALE,Slow export consumer,A client stops reading a large export,hold the connection,bound buffers and detach safely,Measured multi-process load + persistence lab,modelnet_cr11_scale_tests,evidence/CR11-SCALE-07/,NOT_RUN
CR11-SCALE-08,SCALE,Leader crash,Current fenced financial owner dies,elect/recover another worker,do not duplicate external effects,Measured multi-process load + persistence lab,modelnet_cr11_scale_tests,evidence/CR11-SCALE-08/,NOT_RUN
CR11-SCALE-09,SCALE,Cursor expiry,Retention truncates a consumer position,resume cursor,return CURSOR_TOO_OLD and reconciliation route,Measured multi-process load + persistence lab,modelnet_cr11_scale_tests,evidence/CR11-SCALE-09/,NOT_RUN
CR11-SCALE-10,SCALE,Evidence truth,"Reference fixtures, simulations and native runs coexist",generate final matrix,keep evidence tiers distinct and never infer hardware PASS,Measured multi-process load + persistence lab,modelnet_cr11_scale_tests,evidence/CR11-SCALE-10/,NOT_RUN
CR11-PORT-01,PORT,Dual provider,A package served by A and B,switch new discovery to B,preserve exact resource identity,Two gateways + local client + native economics,modelnet_cr11_port_tests,evidence/CR11-PORT-01/,NOT_RUN
CR11-PORT-02,PORT,No spend failover,A has an uncertain financial intent,switch discovery to B,do not recreate the uncertain spend on B,Two gateways + local client + native economics,modelnet_cr11_port_tests,evidence/CR11-PORT-02/,NOT_RUN
CR11-PORT-03,PORT,No key export,A customer exports portable capital records,import at B,require new authentication and never transfer secret authority,Two gateways + local client + native economics,modelnet_cr11_port_tests,evidence/CR11-PORT-03/,NOT_RUN
CR11-PORT-04,PORT,Custody obligations,A user leaves with pending custodial refund,complete customer exit,keep original custodian responsibility visible and recoverable,Two gateways + local client + native economics,modelnet_cr11_port_tests,evidence/CR11-PORT-04/,NOT_RUN
CR11-PORT-05,PORT,Old client,A base HCP client connects to new server,perform old public handoff,work without extension fields,Two gateways + local client + native economics,modelnet_cr11_port_tests,evidence/CR11-PORT-05/,NOT_RUN
CR11-PORT-06,PORT,Old server,A new client connects to base-only server,request reserve committee workflow,refuse unsupported extension clearly,Two gateways + local client + native economics,modelnet_cr11_port_tests,evidence/CR11-PORT-06/,NOT_RUN
CR11-PORT-07,PORT,Extension rollback,New extension disabled after accepted operations,reconcile existing state,keep recovery/exports while blocking new effects,Two gateways + local client + native economics,modelnet_cr11_port_tests,evidence/CR11-PORT-07/,NOT_RUN
CR11-PORT-08,PORT,Revoked provider,A provider is unenrolled locally,send another handoff,deny new effects without deleting acquired public models,Two gateways + local client + native economics,modelnet_cr11_port_tests,evidence/CR11-PORT-08/,NOT_RUN
CR11-PORT-09,PORT,Exact export,Customer packages/locks are exported and imported,verify digests,retain exact immutable commitments and attribution,Two gateways + local client + native economics,modelnet_cr11_port_tests,evidence/CR11-PORT-09/,NOT_RUN
CR11-PORT-10,PORT,Actual cross-venue money,Customer elects to move custodial BTX,execute permitted withdrawal/deposit,use real rails; metadata export alone never creates a balance,Two gateways + local client + native economics,modelnet_cr11_port_tests,evidence/CR11-PORT-10/,NOT_RUN
CR11-INTEGRATE-01,INTEGRATE,Custody fee basis,A time-varying separately billed balance,calculate custody charge,use declared time-weighted base without including commitments twice,Full registered application + financial/runtime lab,modelnet_cr11_integrate_tests,evidence/CR11-INTEGRATE-01/,NOT_RUN
CR11-INTEGRATE-02,INTEGRATE,Trading fees,Actual executed orders plus unfilled proposals,report execution revenue,use fills and actual fees only,Full registered application + financial/runtime lab,modelnet_cr11_integrate_tests,evidence/CR11-INTEGRATE-02/,NOT_RUN
CR11-INTEGRATE-03,INTEGRATE,Funding principal,A large funded programme,report CEX revenue,exclude principal except a separately contracted earned fee,Full registered application + financial/runtime lab,modelnet_cr11_integrate_tests,evidence/CR11-INTEGRATE-03/,NOT_RUN
CR11-INTEGRATE-04,INTEGRATE,Family purpose separation,"Strategic reserve, company deployment and foundation programme",consolidate overview,"retain legal payer, rights and instrument distinctions",Full registered application + financial/runtime lab,modelnet_cr11_integrate_tests,evidence/CR11-INTEGRATE-04/,NOT_RUN
CR11-INTEGRATE-05,INTEGRATE,Measured savings,A deployed workload with a versioned baseline,record outcome,separate measurement from forecast and eliminate duplicate cost allocation,Full registered application + financial/runtime lab,modelnet_cr11_integrate_tests,evidence/CR11-INTEGRATE-05/,NOT_RUN
CR11-INTEGRATE-06,INTEGRATE,Second partner onboarding,A new CEX maps existing adapters,run conformance,integrate without a BTX protocol fork,Full registered application + financial/runtime lab,modelnet_cr11_integrate_tests,evidence/CR11-INTEGRATE-06/,NOT_RUN
CR11-INTEGRATE-07,INTEGRATE,Real route coverage,Every new operation is registered,invoke all 50 through the running gateway,reach actual validators/handlers rather than empty success stubs,Full registered application + financial/runtime lab,modelnet_cr11_integrate_tests,evidence/CR11-INTEGRATE-07/,NOT_RUN
CR11-INTEGRATE-08,INTEGRATE,SDK parity,Native/Python/TypeScript share canonical vectors,hash/validate all new object types,match exact body IDs and rejection rules; real signatures are separate tests,Full registered application + financial/runtime lab,modelnet_cr11_integrate_tests,evidence/CR11-INTEGRATE-08/,NOT_RUN
CR11-INTEGRATE-09,INTEGRATE,No remote inference,A completed capital plan prepares local capability,inspect network routes,expose no public prompt router or per-token payment path,Full registered application + financial/runtime lab,modelnet_cr11_integrate_tests,evidence/CR11-INTEGRATE-09/,NOT_RUN
CR11-INTEGRATE-10,INTEGRATE,Regression closure,Integrated v1.1 candidate,run original120HCP plus relevant AHP/JIT cases,retain previous safety and behavior or record exact real blockers,Full registered application + financial/runtime lab,modelnet_cr11_integrate_tests,evidence/CR11-INTEGRATE-10/,NOT_RUN
