kind,id,family,title,method,path,native_file,boost_case,process_file,evidence_tier,quality,handler,notes
OP,getCognitiveReserveExtension,OPS,GET /btx/hcp/v1/extensions/cognitive-reserve,GET,/btx/hcp/v1/extensions/cognitive-reserve,src/test/modelnet_cr11_comp_tests.cpp,cr11_comp_01_base_route_preservation,test/functional/feature_modelnet_cr11.py; test/functional/feature_modelnet_cr11_journeys.py,NATIVE+PROCESS,REAL,src/modelnet/hcp_cr11_engine.inc.cpp,GET extension on funding lab; walletless returns PROFILE_UNSUPPORTED
OP,createEntityLink,OPS,POST /btx/hcp/v1/reserve/entities/links,POST,/btx/hcp/v1/reserve/entities/links,src/test/modelnet_cr11_entity_tests.cpp,cr11_entity_10_relationship_revocation,,NATIVE,REAL,src/modelnet/hcp_cr11_engine.inc.cpp,POST /reserve/entities/links then revoke
OP,listEntityLink,OPS,GET /btx/hcp/v1/reserve/entities/links,GET,/btx/hcp/v1/reserve/entities/links,src/test/modelnet_cr11_integrate_tests.cpp,cr11_integrate_07_real_route_coverage,,NATIVE,WEAK,src/modelnet/hcp_cr11_engine.inc.cpp,INTEGRATE-07 GET list only; no item assertions
OP,getEntityLink,OPS,GET /btx/hcp/v1/reserve/entities/links/{id},GET,/btx/hcp/v1/reserve/entities/links/{id},src/modelnet/hcp_cr11_engine.inc.cpp,,,NOT_RUN,UNHIT,src/modelnet/hcp_cr11_engine.inc.cpp,HandleCr11Locked GET /reserve/entities/links/{id} exists; no unique Boost or process call
OP,createPortfolio,OPS,POST /btx/hcp/v1/reserve/portfolios,POST,/btx/hcp/v1/reserve/portfolios,src/test/modelnet_cr11_entity_tests.cpp,cr11_entity_09_independent_currencies,test/functional/feature_modelnet_cr11.py; test/functional/feature_modelnet_cr11_journeys.py,NATIVE+PROCESS,REAL,src/modelnet/hcp_cr11_engine.inc.cpp,POST /reserve/portfolios
OP,listPortfolio,OPS,GET /btx/hcp/v1/reserve/portfolios,GET,/btx/hcp/v1/reserve/portfolios,src/test/modelnet_cr11_integrate_tests.cpp,cr11_integrate_07_real_route_coverage,,NATIVE,WEAK,src/modelnet/hcp_cr11_engine.inc.cpp,INTEGRATE-07 GET list
OP,getPortfolio,OPS,GET /btx/hcp/v1/reserve/portfolios/{id},GET,/btx/hcp/v1/reserve/portfolios/{id},src/modelnet/hcp_cr11_engine.inc.cpp,,,NOT_RUN,UNHIT,src/modelnet/hcp_cr11_engine.inc.cpp,GET /reserve/portfolios/{id} handler only
OP,createReservePolicy,OPS,POST /btx/hcp/v1/reserve/policies,POST,/btx/hcp/v1/reserve/policies,src/test/modelnet_cr11_value_tests.cpp,cr11_value_05_replenishment_cooldown,test/functional/feature_modelnet_cr11_journeys.py,NATIVE+PROCESS,REAL,src/modelnet/hcp_cr11_engine.inc.cpp,POST /reserve/policies
OP,listReservePolicy,OPS,GET /btx/hcp/v1/reserve/policies,GET,/btx/hcp/v1/reserve/policies,src/test/modelnet_cr11_integrate_tests.cpp,cr11_integrate_07_real_route_coverage,,NATIVE,WEAK,src/modelnet/hcp_cr11_engine.inc.cpp,INTEGRATE-07 GET list
OP,getReservePolicy,OPS,GET /btx/hcp/v1/reserve/policies/{id},GET,/btx/hcp/v1/reserve/policies/{id},src/modelnet/hcp_cr11_engine.inc.cpp,,,NOT_RUN,UNHIT,src/modelnet/hcp_cr11_engine.inc.cpp,GET /reserve/policies/{id} handler only
OP,createWorkloadProfile,OPS,POST /btx/hcp/v1/capital/workloads,POST,/btx/hcp/v1/capital/workloads,src/test/modelnet_cr11_journey_tests.cpp,cr11_j01_journey,test/functional/feature_modelnet_cr11_journeys.py,NATIVE+PROCESS,REAL,src/modelnet/hcp_cr11_engine.inc.cpp,POST /capital/workloads
OP,listWorkloadProfile,OPS,GET /btx/hcp/v1/capital/workloads,GET,/btx/hcp/v1/capital/workloads,src/test/modelnet_cr11_integrate_tests.cpp,cr11_integrate_07_real_route_coverage,test/functional/feature_modelnet_cr11_journeys.py,NATIVE+PROCESS,WEAK,src/modelnet/hcp_cr11_engine.inc.cpp,GET list; leftover journey loop
OP,getWorkloadProfile,OPS,GET /btx/hcp/v1/capital/workloads/{id},GET,/btx/hcp/v1/capital/workloads/{id},src/modelnet/hcp_cr11_engine.inc.cpp,,,NOT_RUN,UNHIT,src/modelnet/hcp_cr11_engine.inc.cpp,GET /capital/workloads/{id} handler only
OP,createApprovalRule,OPS,POST /btx/hcp/v1/capital/approval-rules,POST,/btx/hcp/v1/capital/approval-rules,src/test/modelnet_cr11_entity_tests.cpp,cr11_entity_06_membership_expiry,,NATIVE,REAL,src/modelnet/hcp_cr11_engine.inc.cpp,POST /capital/approval-rules
OP,listApprovalRule,OPS,GET /btx/hcp/v1/capital/approval-rules,GET,/btx/hcp/v1/capital/approval-rules,src/test/modelnet_cr11_integrate_tests.cpp,cr11_integrate_07_real_route_coverage,test/functional/feature_modelnet_cr11_journeys.py,NATIVE+PROCESS,WEAK,src/modelnet/hcp_cr11_engine.inc.cpp,GET list
OP,getApprovalRule,OPS,GET /btx/hcp/v1/capital/approval-rules/{id},GET,/btx/hcp/v1/capital/approval-rules/{id},src/modelnet/hcp_cr11_engine.inc.cpp,,,NOT_RUN,UNHIT,src/modelnet/hcp_cr11_engine.inc.cpp,GET /capital/approval-rules/{id} handler only
OP,createResearchProgram,OPS,POST /btx/hcp/v1/capital/programs,POST,/btx/hcp/v1/capital/programs,src/test/modelnet_cr11_program_tests.cpp,cr11_program_01_outcome_defined_objective,test/functional/feature_modelnet_cr11_journeys.py,NATIVE+PROCESS,REAL,src/modelnet/hcp_cr11_engine.inc.cpp,POST /capital/programs
OP,listResearchProgram,OPS,GET /btx/hcp/v1/capital/programs,GET,/btx/hcp/v1/capital/programs,src/test/modelnet_cr11_program_tests.cpp,cr11_program_04_no_invented_pool,,NATIVE,WEAK,src/modelnet/hcp_cr11_engine.inc.cpp,GET list plus INTEGRATE-07
OP,getResearchProgram,OPS,GET /btx/hcp/v1/capital/programs/{id},GET,/btx/hcp/v1/capital/programs/{id},src/modelnet/hcp_cr11_engine.inc.cpp,,,NOT_RUN,UNHIT,src/modelnet/hcp_cr11_engine.inc.cpp,GET /capital/programs/{id} handler only
OP,assignEntityRoles,OPS,POST /btx/hcp/v1/reserve/entities/roles,POST,/btx/hcp/v1/reserve/entities/roles,src/test/modelnet_cr11_entity_tests.cpp,cr11_entity_05_self_escalation,,NATIVE,REAL,src/modelnet/hcp_cr11_engine.inc.cpp,POST /reserve/entities/roles self-escalation 403
OP,revokeEntityLink,OPS,POST /btx/hcp/v1/reserve/entities/links/{id}/revoke,POST,/btx/hcp/v1/reserve/entities/links/{id}/revoke,src/test/modelnet_cr11_entity_tests.cpp,cr11_entity_10_relationship_revocation,,NATIVE,REAL,src/modelnet/hcp_cr11_engine.inc.cpp,POST /reserve/entities/links/{id}/revoke
OP,getReserveSnapshot,OPS,GET /btx/hcp/v1/reserve/portfolios/{id}/snapshot,GET,/btx/hcp/v1/reserve/portfolios/{id}/snapshot,src/test/modelnet_cr11_reserve_tests.cpp,cr11_reserve_01_capacity_formula,test/functional/feature_modelnet_cr11.py; test/functional/feature_modelnet_cr11_journeys.py,NATIVE+PROCESS,REAL,src/modelnet/hcp_cr11_engine.inc.cpp,GET snapshot allocation_capacity_atoms=250
OP,revokeReservePolicy,OPS,POST /btx/hcp/v1/reserve/policies/{id}/revoke,POST,/btx/hcp/v1/reserve/policies/{id}/revoke,src/test/modelnet_cr11_approve_tests.cpp,cr11_approve_04_changed_policy,,NATIVE,REAL,src/modelnet/hcp_cr11_engine.inc.cpp,POST /reserve/policies/{id}/revoke
OP,planReserveReplenishment,OPS,POST /btx/hcp/v1/reserve/replenishment/plans,POST,/btx/hcp/v1/reserve/replenishment/plans,src/test/modelnet_cr11_value_tests.cpp,cr11_value_10_suggest_is_read_plan_only,test/functional/feature_modelnet_cr11_journeys.py,NATIVE+PROCESS,REAL,src/modelnet/hcp_cr11_engine.inc.cpp,POST /reserve/replenishment/plans
OP,createTCOComparison,OPS,POST /btx/hcp/v1/capital/comparisons,POST,/btx/hcp/v1/capital/comparisons,src/test/modelnet_cr11_tco_tests.cpp,cr11_tco_01_worked_ownership_case,test/functional/feature_modelnet_cr11_journeys.py,NATIVE+PROCESS,REAL,src/modelnet/hcp_cr11_engine.inc.cpp,POST /capital/comparisons; process asserts external=600000
OP,getTCOComparison,OPS,GET /btx/hcp/v1/capital/comparisons/{id},GET,/btx/hcp/v1/capital/comparisons/{id},src/modelnet/hcp_cr11_engine.inc.cpp,,,NOT_RUN,UNHIT,src/modelnet/hcp_cr11_engine.inc.cpp,GET /capital/comparisons/{id} handler only
OP,createCapitalPlan,OPS,POST /btx/hcp/v1/capital/plans,POST,/btx/hcp/v1/capital/plans,src/test/modelnet_cr11_journey_tests.cpp,cr11_j01_journey,test/functional/feature_modelnet_cr11_journeys.py,NATIVE+PROCESS,REAL,src/modelnet/hcp_cr11_engine.inc.cpp,POST /capital/plans
OP,getCapitalPlan,OPS,GET /btx/hcp/v1/capital/plans/{id},GET,/btx/hcp/v1/capital/plans/{id},src/modelnet/hcp_cr11_engine.inc.cpp,,,NOT_RUN,UNHIT,src/modelnet/hcp_cr11_engine.inc.cpp,GET /capital/plans/{id} handler only
OP,createAllocationPlan,OPS,POST /btx/hcp/v1/capital/allocations,POST,/btx/hcp/v1/capital/allocations,src/test/modelnet_cr11_reserve_tests.cpp,cr11_reserve_06_duplicate_operation,test/functional/feature_modelnet_cr11.py; test/functional/feature_modelnet_cr11_journeys.py,NATIVE+PROCESS,REAL,src/modelnet/hcp_cr11_engine.inc.cpp,POST /capital/allocations; process also GRAPH_CYCLE
OP,getAllocationPlan,OPS,GET /btx/hcp/v1/capital/allocations/{id},GET,/btx/hcp/v1/capital/allocations/{id},src/modelnet/hcp_cr11_engine.inc.cpp,,,NOT_RUN,UNHIT,src/modelnet/hcp_cr11_engine.inc.cpp,GET /capital/allocations/{id} handler only
OP,createApprovalRequest,OPS,POST /btx/hcp/v1/capital/approvals,POST,/btx/hcp/v1/capital/approvals,src/test/modelnet_cr11_approve_tests.cpp,cr11_approve_10_role_body_mismatch,,NATIVE,REAL,src/modelnet/hcp_cr11_engine.inc.cpp,POST /capital/approvals
OP,getApprovalRequest,OPS,GET /btx/hcp/v1/capital/approvals/{id},GET,/btx/hcp/v1/capital/approvals/{id},src/modelnet/hcp_cr11_engine.inc.cpp,,,NOT_RUN,UNHIT,src/modelnet/hcp_cr11_engine.inc.cpp,GET /capital/approvals/{id} handler only
OP,recordApprovalDecision,OPS,POST /btx/hcp/v1/capital/approvals/{id}/decisions,POST,/btx/hcp/v1/capital/approvals/{id}/decisions,src/test/modelnet_cr11_approve_tests.cpp,cr11_approve_10_role_body_mismatch,,NATIVE,REAL,src/modelnet/hcp_cr11_engine.inc.cpp,POST /capital/approvals/{id}/decisions
OP,listApprovalDecisions,OPS,GET /btx/hcp/v1/capital/approvals/{id}/decisions,GET,/btx/hcp/v1/capital/approvals/{id}/decisions,src/modelnet/hcp_cr11_engine.inc.cpp,,,NOT_RUN,UNHIT,src/modelnet/hcp_cr11_engine.inc.cpp,GET /capital/approvals/{id}/decisions handler only
OP,executeAllocation,OPS,POST /btx/hcp/v1/capital/allocations/{id}/execute,POST,/btx/hcp/v1/capital/allocations/{id}/execute,src/test/modelnet_cr11_reserve_tests.cpp,cr11_reserve_02_protected_floor,,NATIVE,REAL,src/modelnet/hcp_cr11_engine.inc.cpp,POST execute; not invoked by process functionals
OP,getCapitalExecution,OPS,GET /btx/hcp/v1/capital/executions/{id},GET,/btx/hcp/v1/capital/executions/{id},src/modelnet/hcp_cr11_engine.inc.cpp,,,NOT_RUN,UNHIT,src/modelnet/hcp_cr11_engine.inc.cpp,GET /capital/executions/{id} handler only
OP,cancelCapitalExecution,OPS,POST /btx/hcp/v1/capital/executions/{id}/cancel,POST,/btx/hcp/v1/capital/executions/{id}/cancel,src/test/modelnet_cr11_plan_tests.cpp,cr11_plan_08_pre_effect_cancellation,,NATIVE,REAL,src/modelnet/hcp_cr11_engine.inc.cpp,POST cancel; LOCAL-08 DMA 409
OP,listCapabilityPositions,OPS,GET /btx/hcp/v1/capital/positions,GET,/btx/hcp/v1/capital/positions,src/test/modelnet_cr11_hold_tests.cpp,cr11_hold_04_shared_base_allocation,test/functional/feature_modelnet_cr11_journeys.py,NATIVE+PROCESS,WEAK,src/modelnet/hcp_cr11_engine.inc.cpp,GET list
OP,getCapabilityPosition,OPS,GET /btx/hcp/v1/capital/positions/{id},GET,/btx/hcp/v1/capital/positions/{id},src/test/modelnet_cr11_hold_tests.cpp,cr11_hold_07_retirement_is_not_deletion,,NATIVE,REAL,src/modelnet/hcp_cr11_engine.inc.cpp,GET /capital/positions/{id}
OP,createCapabilityPosition,OPS,POST /btx/hcp/v1/capital/positions,POST,/btx/hcp/v1/capital/positions,src/test/modelnet_cr11_comp_tests.cpp,cr11_comp_06_no_package_version_inflation,test/functional/feature_modelnet_cr11_journeys.py,NATIVE+PROCESS,REAL,src/modelnet/hcp_cr11_engine.inc.cpp,POST positions; Core v4 reject
OP,updateCapabilityLifecycle,OPS,POST /btx/hcp/v1/capital/positions/{id}/lifecycle,POST,/btx/hcp/v1/capital/positions/{id}/lifecycle,src/test/modelnet_cr11_hold_tests.cpp,cr11_hold_06_lock_update,,NATIVE,REAL,src/modelnet/hcp_cr11_engine.inc.cpp,POST /capital/positions/{id}/lifecycle
OP,joinResearchProgram,OPS,POST /btx/hcp/v1/capital/programs/{id}/memberships,POST,/btx/hcp/v1/capital/programs/{id}/memberships,src/test/modelnet_cr11_program_tests.cpp,cr11_program_02_independent_sponsors,test/functional/feature_modelnet_cr11_journeys.py,NATIVE+PROCESS,REAL,src/modelnet/hcp_cr11_engine.inc.cpp,POST memberships independent=true
OP,prepareProgramCommitment,OPS,POST /btx/hcp/v1/capital/programs/{id}/commitments,POST,/btx/hcp/v1/capital/programs/{id}/commitments,src/test/modelnet_cr11_program_tests.cpp,cr11_program_03_membership_not_consent,,NATIVE,REAL,src/modelnet/hcp_cr11_engine.inc.cpp,POST commitments executed=false
OP,listProductOffers,OPS,GET /btx/hcp/v1/capital/products,GET,/btx/hcp/v1/capital/products,src/test/modelnet_cr11_product_tests.cpp,cr11_product_03_actual_rights,test/functional/feature_modelnet_cr11_journeys.py,NATIVE+PROCESS,WEAK,src/modelnet/hcp_cr11_engine.inc.cpp,GET list
OP,getProductOffer,OPS,GET /btx/hcp/v1/capital/products/{id},GET,/btx/hcp/v1/capital/products/{id},src/test/modelnet_cr11_product_tests.cpp,cr11_product_01_eligibility,,NATIVE,WEAK,src/modelnet/hcp_cr11_engine.inc.cpp,GET /capital/products/prod-demo status 200 only; no ineligibility vector
OP,createProductReferral,OPS,POST /btx/hcp/v1/capital/products/{id}/referral,POST,/btx/hcp/v1/capital/products/{id}/referral,src/test/modelnet_cr11_product_tests.cpp,cr11_product_02_referral_is_not_execution,,NATIVE,REAL,src/modelnet/hcp_cr11_engine.inc.cpp,POST referral not_a_debit; IntentCount=0
OP,createReserveReport,OPS,POST /btx/hcp/v1/capital/reports,POST,/btx/hcp/v1/capital/reports,src/test/modelnet_cr11_report_tests.cpp,cr11_report_01_snapshot_consistency,test/functional/feature_modelnet_cr11_journeys.py,NATIVE+PROCESS,REAL,src/modelnet/hcp_cr11_engine.inc.cpp,POST /capital/reports
OP,getReserveReport,OPS,GET /btx/hcp/v1/capital/reports/{id},GET,/btx/hcp/v1/capital/reports/{id},src/test/modelnet_cr11_report_tests.cpp,cr11_report_09_history_correction,,NATIVE,WEAK,src/modelnet/hcp_cr11_engine.inc.cpp,GET by id 200; no superseding-record assertion
OP,createCapitalExport,OPS,POST /btx/hcp/v1/capital/exports,POST,/btx/hcp/v1/capital/exports,src/test/modelnet_cr11_entity_tests.cpp,cr11_entity_07_scoped_export,test/functional/feature_modelnet_cr11_journeys.py,NATIVE+PROCESS,WEAK,src/modelnet/hcp_cr11_engine.inc.cpp,POST export; excluded_unauthorized hardcoded true
OP,getCapitalExport,OPS,GET /btx/hcp/v1/capital/exports/{id},GET,/btx/hcp/v1/capital/exports/{id},src/modelnet/hcp_cr11_engine.inc.cpp,,,NOT_RUN,UNHIT,src/modelnet/hcp_cr11_engine.inc.cpp,GET /capital/exports/{id} handler only
CASE,CR11-COMP-01,COMP,Base route preservation,,,src/test/modelnet_cr11_comp_tests.cpp,cr11_comp_01_base_route_preservation,test/functional/feature_modelnet_cr11.py,NATIVE+PROCESS,WEAK,src/modelnet/hcp_cr11_engine.inc.cpp,GET /profile+/health+/extension; does not replay 34 golden base routes
CASE,CR11-COMP-02,COMP,Negotiated extension binding,,,src/test/modelnet_cr11_comp_tests.cpp,cr11_comp_02_negotiated_extension_binding,,NATIVE,REAL,src/modelnet/hcp_cr11_engine.inc.cpp,reject before any new extension effect
CASE,CR11-COMP-03,COMP,Unknown extension,,,src/test/modelnet_cr11_comp_tests.cpp,cr11_comp_03_unknown_extension,test/functional/feature_modelnet_cr11.py; test/functional/feature_modelnet_cr11_journeys.py,NATIVE+PROCESS,REAL,src/modelnet/hcp_cr11_engine.inc.cpp,return PROFILE_UNSUPPORTED without unrestricted funding fallback
CASE,CR11-COMP-04,COMP,Domain separation,,,src/test/modelnet_cr11_comp_tests.cpp,cr11_comp_04_domain_separation,,NATIVE,REAL,src/modelnet/hcp_cr11_engine.inc.cpp,reject the body ID/signature mismatch
CASE,CR11-COMP-05,COMP,Strict parser parity,,,src/test/modelnet_cr11_comp_tests.cpp,cr11_comp_05_strict_parser_parity,,NATIVE,WEAK,src/modelnet/hcp_cr11_engine.inc.cpp,DecodePjson1 + HcpObjectTypeOk; Python SDK body-id in contrib/modelnet/crf-sdk/python/test_body_id.py; no TS process
CASE,CR11-COMP-06,COMP,No package version inflation,,,src/test/modelnet_cr11_comp_tests.cpp,cr11_comp_06_no_package_version_inflation,test/functional/feature_modelnet_cr11_journeys.py,NATIVE+PROCESS,REAL,src/modelnet/hcp_cr11_engine.inc.cpp,preserve exact package bytes and avoid creating Core v4
CASE,CR11-COMP-07,COMP,Safe downgrade,,,src/test/modelnet_cr11_comp_tests.cpp,cr11_comp_07_safe_downgrade,,NATIVE,REAL,src/modelnet/hcp_cr11_engine.inc.cpp,stop new effects and retain reconciliation of accepted children
CASE,CR11-COMP-08,COMP,Key rotation,,,src/test/modelnet_cr11_comp_tests.cpp,cr11_comp_08_key_rotation,,NATIVE,REAL,src/modelnet/hcp_cr11_engine.inc.cpp,reject while retaining historical receipts as dated evidence
CASE,CR11-COMP-09,COMP,Migration restart,,,src/test/modelnet_cr11_comp_tests.cpp,cr11_comp_09_migration_restart,,NATIVE,WEAK,src/modelnet/hcp_cr11_engine.inc.cpp,Persist + outstanding>=0; no crash/restart schema migration
CASE,CR11-COMP-10,COMP,Rollback accountability,,,src/test/modelnet_cr11_comp_tests.cpp,cr11_comp_10_rollback_accountability,,NATIVE,WEAK,src/modelnet/hcp_cr11_engine.inc.cpp,Idempotency conflict only; not application rollback
CASE,CR11-ENTITY-01,ENTITY,Group view is not debit authority,,,src/test/modelnet_cr11_entity_tests.cpp,cr11_entity_01_group_view_not_debit,,NATIVE,REAL,src/modelnet/hcp_cr11_engine.inc.cpp,deny without reserving funds
CASE,CR11-ENTITY-02,ENTITY,Family segregation,,,src/test/modelnet_cr11_entity_tests.cpp,cr11_entity_02_family_segregation,,NATIVE,WEAK,src/modelnet/hcp_cr11_engine.inc.cpp,Sibling-funds subtract; not company/trust/foundation accounts
CASE,CR11-ENTITY-03,ENTITY,Adviser draft only,,,src/test/modelnet_cr11_entity_tests.cpp,cr11_entity_03_adviser_draft_only,,NATIVE,REAL,src/modelnet/hcp_cr11_engine.inc.cpp,deny the higher effect while preserving the draft
CASE,CR11-ENTITY-04,ENTITY,Forged request account,,,src/test/modelnet_cr11_entity_tests.cpp,cr11_entity_04_forged_request_account,,NATIVE,REAL,src/modelnet/hcp_cr11_engine.inc.cpp,reject account mismatch instead of trusting the body
CASE,CR11-ENTITY-05,ENTITY,Self-escalation,,,src/test/modelnet_cr11_entity_tests.cpp,cr11_entity_05_self_escalation,,NATIVE,REAL,src/modelnet/hcp_cr11_engine.inc.cpp,deny and emit a scoped audit event
CASE,CR11-ENTITY-06,ENTITY,Membership expiry,,,src/test/modelnet_cr11_entity_tests.cpp,cr11_entity_06_membership_expiry,,NATIVE,REAL,src/modelnet/hcp_cr11_engine.inc.cpp,recheck current role and reject when no longer eligible
CASE,CR11-ENTITY-07,ENTITY,Scoped export,,,src/test/modelnet_cr11_entity_tests.cpp,cr11_entity_07_scoped_export,,NATIVE,WEAK,src/modelnet/hcp_cr11_engine.inc.cpp,Hardcoded excluded_unauthorized=true
CASE,CR11-ENTITY-08,ENTITY,Cross-entity legs,,,src/test/modelnet_cr11_entity_tests.cpp,cr11_entity_08_cross_entity_legs,,NATIVE,WEAK,src/modelnet/hcp_cr11_engine.inc.cpp,Creates two FINANCIAL legs; does not assert other entity unexecuted
CASE,CR11-ENTITY-09,ENTITY,Independent currencies,,,src/test/modelnet_cr11_entity_tests.cpp,cr11_entity_09_independent_currencies,,NATIVE,REAL,src/modelnet/hcp_cr11_engine.inc.cpp,retain original amounts and use explicit dated FX observations
CASE,CR11-ENTITY-10,ENTITY,Relationship revocation,,,src/test/modelnet_cr11_entity_tests.cpp,cr11_entity_10_relationship_revocation,,NATIVE,REAL,src/modelnet/hcp_cr11_engine.inc.cpp,deny future actions without rewriting prior ownership history
CASE,CR11-RESERVE-01,RESERVE,Capacity formula,,,src/test/modelnet_cr11_reserve_tests.cpp,cr11_reserve_01_capacity_formula,test/functional/feature_modelnet_cr11.py; test/functional/feature_modelnet_cr11_journeys.py,NATIVE+PROCESS,REAL,src/modelnet/hcp_cr11_engine.inc.cpp,return exactly 250 atoms
CASE,CR11-RESERVE-02,RESERVE,Protected floor,,,src/test/modelnet_cr11_reserve_tests.cpp,cr11_reserve_02_protected_floor,,NATIVE,REAL,src/modelnet/hcp_cr11_engine.inc.cpp,reject with no partial hold or policy consumption
CASE,CR11-RESERVE-03,RESERVE,Existing hold counted once,,,src/test/modelnet_cr11_reserve_tests.cpp,cr11_reserve_03_existing_hold_counted_once,,NATIVE,WEAK,src/modelnet/hcp_cr11_engine.inc.cpp,Capacity with held=0; does not prove double-subtract of an existing hold via execute
CASE,CR11-RESERVE-04,RESERVE,Mandate exhaustion,,,src/test/modelnet_cr11_reserve_tests.cpp,cr11_reserve_04_mandate_exhaustion,,NATIVE,REAL,src/modelnet/hcp_cr11_engine.inc.cpp,deny despite sufficient cash
CASE,CR11-RESERVE-05,RESERVE,Concurrent allocation,,,src/test/modelnet_cr11_reserve_tests.cpp,cr11_reserve_05_concurrent_allocation,,NATIVE,WEAK,src/modelnet/hcp_cr11_engine.inc.cpp,Serial loop in one engine; not multi-replica
CASE,CR11-RESERVE-06,RESERVE,Duplicate operation,,,src/test/modelnet_cr11_reserve_tests.cpp,cr11_reserve_06_duplicate_operation,,NATIVE,REAL,src/modelnet/hcp_cr11_engine.inc.cpp,return one existing reservation
CASE,CR11-RESERVE-07,RESERVE,Conflicting duplicate,,,src/test/modelnet_cr11_reserve_tests.cpp,cr11_reserve_07_conflicting_duplicate,,NATIVE,REAL,src/modelnet/hcp_cr11_engine.inc.cpp,return IDEMPOTENCY_CONFLICT with no new effect
CASE,CR11-RESERVE-08,RESERVE,Pending deposit exclusion,,,src/test/modelnet_cr11_reserve_tests.cpp,cr11_reserve_08_pending_deposit_exclusion,,NATIVE,REAL,src/modelnet/hcp_cr11_engine.inc.cpp,exclude the deposit from AVAILABLE
CASE,CR11-RESERVE-09,RESERVE,Encumbered capital exclusion,,,src/test/modelnet_cr11_reserve_tests.cpp,cr11_reserve_09_encumbered_capital_exclusion,,NATIVE,REAL,src/modelnet/hcp_cr11_engine.inc.cpp,exclude encumbered funds through the authoritative ledger
CASE,CR11-RESERVE-10,RESERVE,Soft budget is not money,,,src/test/modelnet_cr11_reserve_tests.cpp,cr11_reserve_10_soft_budget_is_not_money,,NATIVE,REAL,src/modelnet/hcp_cr11_engine.inc.cpp,enforce the common financial ceiling rather than summing budgets
CASE,CR11-VALUE-01,VALUE,Stale reserve price,,,src/test/modelnet_cr11_value_tests.cpp,cr11_value_01_stale_reserve_price,,NATIVE,REAL,src/modelnet/hcp_cr11_engine.inc.cpp,return PRICE_STALE rather than a spendable valuation
CASE,CR11-VALUE-02,VALUE,Conservative atom rounding,,,src/test/modelnet_cr11_value_tests.cpp,cr11_value_02_conservative_atom_rounding,,NATIVE,REAL,src/modelnet/hcp_cr11_engine.inc.cpp,round upward without floating-point drift
CASE,CR11-VALUE-03,VALUE,Invalid market inputs,,,src/test/modelnet_cr11_value_tests.cpp,cr11_value_03_invalid_market_inputs,,NATIVE,REAL,src/modelnet/hcp_cr11_engine.inc.cpp,reject before creating a trade
CASE,CR11-VALUE-04,VALUE,Bounded stress haircut,,,src/test/modelnet_cr11_value_tests.cpp,cr11_value_04_bounded_stress_haircut,,NATIVE,REAL,src/modelnet/hcp_cr11_engine.inc.cpp,use the approved conservative price and exact rounding
CASE,CR11-VALUE-05,VALUE,Replenishment cooldown,,,src/test/modelnet_cr11_value_tests.cpp,cr11_value_05_replenishment_cooldown,,NATIVE,REAL,src/modelnet/hcp_cr11_engine.inc.cpp,create no second active replenishment within the limit
CASE,CR11-VALUE-06,VALUE,Source asset restriction,,,src/test/modelnet_cr11_value_tests.cpp,cr11_value_06_source_asset_restriction,,NATIVE,REAL,src/modelnet/hcp_cr11_engine.inc.cpp,deny without an order
CASE,CR11-VALUE-07,VALUE,Lifetime turnover,,,src/test/modelnet_cr11_value_tests.cpp,cr11_value_07_lifetime_turnover,,NATIVE,REAL,src/modelnet/hcp_cr11_engine.inc.cpp,stop even when the new order alone is small
CASE,CR11-VALUE-08,VALUE,Quote expiry before execution,,,src/test/modelnet_cr11_value_tests.cpp,cr11_value_08_quote_expiry_before_execution,,NATIVE,WEAK,src/modelnet/hcp_cr11_engine.inc.cpp,ExpireQuote then Now()==default clock; no execute-after-expiry
CASE,CR11-VALUE-09,VALUE,Unknown conversion,,,src/test/modelnet_cr11_value_tests.cpp,cr11_value_09_unknown_conversion,,NATIVE,WEAK,src/modelnet/hcp_cr11_engine.inc.cpp,Cross-CEX duplicate action id; not venue timeout/unknown fill
CASE,CR11-VALUE-10,VALUE,Suggest is read/plan only,,,src/test/modelnet_cr11_value_tests.cpp,cr11_value_10_suggest_is_read_plan_only,test/functional/feature_modelnet_cr11_journeys.py,NATIVE+PROCESS,REAL,src/modelnet/hcp_cr11_engine.inc.cpp,produce a proposal with zero executed orders
CASE,CR11-TCO-01,TCO,Worked ownership case,,,src/test/modelnet_cr11_tco_tests.cpp,cr11_tco_01_worked_ownership_case,test/functional/feature_modelnet_cr11_journeys.py,NATIVE+PROCESS,REAL,src/modelnet/hcp_cr11.cpp+engine,return $600000 versus $245000 and the defined break-even
CASE,CR11-TCO-02,TCO,Quality equivalence,,,src/test/modelnet_cr11_tco_tests.cpp,cr11_tco_02_quality_equivalence,,NATIVE,REAL,src/modelnet/hcp_cr11.cpp+engine,exclude it from an equivalent-savings claim
CASE,CR11-TCO-03,TCO,Unknown cost,,,src/test/modelnet_cr11_tco_tests.cpp,cr11_tco_03_unknown_cost,,NATIVE,REAL,src/modelnet/hcp_cr11.cpp+engine,preserve unknown instead of silently using zero
CASE,CR11-TCO-04,TCO,Unit separation,,,src/test/modelnet_cr11_tco_tests.cpp,cr11_tco_04_unit_separation,,NATIVE,REAL,src/modelnet/hcp_cr11.cpp+engine,reject ambiguous or mismatched unit arithmetic
CASE,CR11-TCO-05,TCO,Hardware counted once,,,src/test/modelnet_cr11_tco_tests.cpp,cr11_tco_05_hardware_counted_once,,NATIVE,REAL,src/modelnet/hcp_cr11.cpp+engine,detect duplicated hardware allocation or require explicit allocation policy
CASE,CR11-TCO-06,TCO,Utilization sensitivity,,,src/test/modelnet_cr11_tco_tests.cpp,cr11_tco_06_utilization_sensitivity,,NATIVE,REAL,src/modelnet/hcp_cr11.cpp+engine,recalculate per-task results without fixed universal savings
CASE,CR11-TCO-07,TCO,Horizon boundaries,,,src/test/modelnet_cr11_tco_tests.cpp,cr11_tco_07_horizon_boundaries,,NATIVE,REAL,src/modelnet/hcp_cr11.cpp+engine,reject or enforce the finite supported horizon
CASE,CR11-TCO-08,TCO,Forecast versus actual,,,src/test/modelnet_cr11_tco_tests.cpp,cr11_tco_08_forecast_versus_actual,,NATIVE,REAL,src/modelnet/hcp_cr11.cpp+engine,keep assumptions and actual observations separate
CASE,CR11-TCO-09,TCO,Private workload inputs,,,src/test/modelnet_cr11_tco_tests.cpp,cr11_tco_09_private_workload_inputs,,NATIVE,REAL,src/modelnet/hcp_cr11.cpp+engine,complete without collecting private prompt or KV state
CASE,CR11-TCO-10,TCO,External route stays planning,,,src/test/modelnet_cr11_tco_tests.cpp,cr11_tco_10_external_route_stays_planning,,NATIVE,REAL,src/modelnet/hcp_cr11.cpp+engine,do not route inference calls or purchase service automatically
CASE,CR11-APPROVE-01,APPROVE,Distinct-person quorum,,,src/test/modelnet_cr11_approve_tests.cpp,cr11_approve_01_distinct_person_quorum,,NATIVE,REAL,src/modelnet/hcp_cr11.cpp+engine,count one person and keep quorum pending
CASE,CR11-APPROVE-02,APPROVE,Initiator exclusion,,,src/test/modelnet_cr11_approve_tests.cpp,cr11_approve_02_initiator_exclusion,,NATIVE,REAL,src/modelnet/hcp_cr11.cpp+engine,record or reject as specified but never count toward quorum
CASE,CR11-APPROVE-03,APPROVE,Changed allocation,,,src/test/modelnet_cr11_approve_tests.cpp,cr11_approve_03_changed_allocation,,NATIVE,REAL,src/modelnet/hcp_cr11.cpp+engine,invalidate the old matching approval before execution
CASE,CR11-APPROVE-04,APPROVE,Changed policy,,,src/test/modelnet_cr11_approve_tests.cpp,cr11_approve_04_changed_policy,,NATIVE,REAL,src/modelnet/hcp_cr11.cpp+engine,deny submit until authority matches
CASE,CR11-APPROVE-05,APPROVE,Changed committee,,,src/test/modelnet_cr11_approve_tests.cpp,cr11_approve_05_changed_committee,,NOT_RUN,STUB,src/modelnet/hcp_cr11.cpp+engine,BOOST_CHECK(true) only after Cr11ExpirePerson
CASE,CR11-APPROVE-06,APPROVE,Veto,,,src/test/modelnet_cr11_approve_tests.cpp,cr11_approve_06_veto,,NATIVE,REAL,src/modelnet/hcp_cr11.cpp+engine,deny while veto remains active
CASE,CR11-APPROVE-07,APPROVE,Decision withdrawal,,,src/test/modelnet_cr11_approve_tests.cpp,cr11_approve_07_decision_withdrawal,,NATIVE,REAL,src/modelnet/hcp_cr11.cpp+engine,count only the latest valid decision
CASE,CR11-APPROVE-08,APPROVE,Decision expiration,,,src/test/modelnet_cr11_approve_tests.cpp,cr11_approve_08_decision_expiration,,NATIVE,REAL,src/modelnet/hcp_cr11.cpp+engine,return approval required
CASE,CR11-APPROVE-09,APPROVE,Two authorities,,,src/test/modelnet_cr11_approve_tests.cpp,cr11_approve_09_two_authorities,,NATIVE,REAL,src/modelnet/hcp_cr11.cpp+engine,keep finance authorization separate and request local permission
CASE,CR11-APPROVE-10,APPROVE,Role-body mismatch,,,src/test/modelnet_cr11_approve_tests.cpp,cr11_approve_10_role_body_mismatch,,NATIVE,REAL,src/modelnet/hcp_cr11.cpp+engine,reject forged actor before counting
CASE,CR11-PLAN-01,PLAN,Cycle rejection,,,src/test/modelnet_cr11_plan_tests.cpp,cr11_plan_01_cycle_rejection,test/functional/feature_modelnet_cr11.py,NATIVE+PROCESS,REAL,src/modelnet/hcp_cr11.cpp+engine,reject without reserving or dispatching a child
CASE,CR11-PLAN-02,PLAN,Missing dependency,,,src/test/modelnet_cr11_plan_tests.cpp,cr11_plan_02_missing_dependency,,NATIVE,REAL,src/modelnet/hcp_cr11.cpp+engine,reject the inconsistent graph
CASE,CR11-PLAN-03,PLAN,Finite graph,,,src/test/modelnet_cr11_plan_tests.cpp,cr11_plan_03_finite_graph,,NATIVE,REAL,src/modelnet/hcp_cr11.cpp+engine,reject before expensive expansion
CASE,CR11-PLAN-04,PLAN,Stable child identities,,,src/test/modelnet_cr11_plan_tests.cpp,cr11_plan_04_stable_child_identities,,NATIVE,REAL,src/modelnet/hcp_cr11.cpp+engine,reuse each exact child operation ID and intent
CASE,CR11-PLAN-05,PLAN,Partial conversion,,,src/test/modelnet_cr11_plan_tests.cpp,cr11_plan_05_partial_conversion,,NATIVE,WEAK,src/modelnet/hcp_cr11.cpp+engine,CompleteConversion('nope') then available>=0
CASE,CR11-PLAN-06,PLAN,Unknown child,,,src/test/modelnet_cr11_plan_tests.cpp,cr11_plan_06_unknown_child,,NOT_RUN,STUB,src/modelnet/hcp_cr11.cpp+engine,BOOST_CHECK(true) only after ForceBroadcastUnknown
CASE,CR11-PLAN-07,PLAN,Fenced execution,,,src/test/modelnet_cr11_plan_tests.cpp,cr11_plan_07_fenced_execution,,NATIVE,WEAK,src/modelnet/hcp_cr11.cpp+engine,DualInstancePeerNote independent flag; not two fenced replicas
CASE,CR11-PLAN-08,PLAN,Pre-effect cancellation,,,src/test/modelnet_cr11_plan_tests.cpp,cr11_plan_08_pre_effect_cancellation,,NATIVE,REAL,src/modelnet/hcp_cr11.cpp+engine,release only safe reservations atomically
CASE,CR11-PLAN-09,PLAN,Post-effect cancellation,,,src/test/modelnet_cr11_plan_tests.cpp,cr11_plan_09_post_effect_cancellation,,NOT_RUN,STUB,src/modelnet/hcp_cr11.cpp+engine,BOOST_CHECK(true) only after SetDmaActive+FenceDma
CASE,CR11-PLAN-10,PLAN,Separate entity approvals,,,src/test/modelnet_cr11_plan_tests.cpp,cr11_plan_10_separate_entity_approvals,,NATIVE,REAL,src/modelnet/hcp_cr11.cpp+engine,never use one entity approval for another entity funds
CASE,CR11-LEDGER-01,LEDGER,Customer lot mapping,,,src/test/modelnet_cr11_ledger_tests.cpp,cr11_ledger_01_customer_lot_mapping,,NATIVE,WEAK,src/modelnet/hcp_cr11_engine.inc.cpp,PutLot/AttributeOutput lab map; not actual native outpoint
CASE,CR11-LEDGER-02,LEDGER,Signer crash,,,src/test/modelnet_cr11_ledger_tests.cpp,cr11_ledger_02_signer_crash,,NATIVE,WEAK,src/modelnet/hcp_cr11_engine.inc.cpp,CrashOutbox/RecoverOutbox flags; not signer process crash
CASE,CR11-LEDGER-03,LEDGER,Broadcast ambiguity,,,src/test/modelnet_cr11_ledger_tests.cpp,cr11_ledger_03_broadcast_ambiguity,,NOT_RUN,TAUTOLOGY,src/modelnet/hcp_cr11_engine.inc.cpp,BOOST_CHECK(LastTxid empty || true) always true
CASE,CR11-LEDGER-04,LEDGER,Reorg correction,,,src/test/modelnet_cr11_ledger_tests.cpp,cr11_ledger_04_reorg_correction,,NATIVE,WEAK,src/modelnet/hcp_cr11_engine.inc.cpp,InjectReorg then NativeHeight>=0
CASE,CR11-LEDGER-05,LEDGER,Known secret persists,,,src/test/modelnet_cr11_ledger_tests.cpp,cr11_ledger_05_known_secret_persists,,NOT_RUN,TAUTOLOGY,src/modelnet/hcp_cr11_engine.inc.cpp,BOOST_CHECK(!KnowledgeDisclosed || KnowledgeDisclosed) always true
CASE,CR11-LEDGER-06,LEDGER,Refund beneficiary,,,src/test/modelnet_cr11_ledger_tests.cpp,cr11_ledger_06_refund_beneficiary,,NATIVE,WEAK,src/modelnet/hcp_cr11_engine.inc.cpp,AccountAvailable==1000; no refund credit path
CASE,CR11-LEDGER-07,LEDGER,No lifetime recycling,,,src/test/modelnet_cr11_ledger_tests.cpp,cr11_ledger_07_no_lifetime_recycling,,NATIVE,REAL,src/modelnet/hcp_cr11_engine.inc.cpp,deny until new authority is explicitly approved
CASE,CR11-LEDGER-08,LEDGER,Fee conservation,,,src/test/modelnet_cr11_ledger_tests.cpp,cr11_ledger_08_fee_conservation,,NATIVE,WEAK,src/modelnet/hcp_cr11_engine.inc.cpp,AccountHeld==0; no fee settlement
CASE,CR11-LEDGER-09,LEDGER,Database/signing boundary,,,src/test/modelnet_cr11_ledger_tests.cpp,cr11_ledger_09_database_signing_boundary,,NATIVE,WEAK,src/modelnet/hcp_cr11_engine.inc.cpp,SetSchemaMigrationCrash Persist false/true; not DB/signer outbox
CASE,CR11-LEDGER-10,LEDGER,Backup recovery,,,src/test/modelnet_cr11_ledger_tests.cpp,cr11_ledger_10_backup_recovery,,NATIVE,WEAK,src/modelnet/hcp_cr11_engine.inc.cpp,Persist/Restore round-trip; not custody backup restore
CASE,CR11-PROGRAM-01,PROGRAM,Outcome-defined objective,,,src/test/modelnet_cr11_program_tests.cpp,cr11_program_01_outcome_defined_objective,test/functional/feature_modelnet_cr11_journeys.py,NATIVE+PROCESS,REAL,src/modelnet/hcp_cr11_engine.inc.cpp,retain exact objective without selecting a mandatory model brand
CASE,CR11-PROGRAM-02,PROGRAM,Independent sponsors,,,src/test/modelnet_cr11_program_tests.cpp,cr11_program_02_independent_sponsors,test/functional/feature_modelnet_cr11_journeys.py,NATIVE+PROCESS,REAL,src/modelnet/hcp_cr11_engine.inc.cpp,show separate commitments and refund controllers
CASE,CR11-PROGRAM-03,PROGRAM,Membership not consent,,,src/test/modelnet_cr11_program_tests.cpp,cr11_program_03_membership_not_consent,,NATIVE,REAL,src/modelnet/hcp_cr11_engine.inc.cpp,require a separate approved allocation
CASE,CR11-PROGRAM-04,PROGRAM,No invented pool,,,src/test/modelnet_cr11_program_tests.cpp,cr11_program_04_no_invented_pool,,NATIVE,REAL,src/modelnet/hcp_cr11_engine.inc.cpp,do not create pooled escrow or transferable security rights
CASE,CR11-PROGRAM-05,PROGRAM,Native evaluation authority,,,src/test/modelnet_cr11_program_tests.cpp,cr11_program_05_native_evaluation_authority,,NATIVE,WEAK,src/modelnet/hcp_cr11_engine.inc.cpp,GoLiveManifest nonempty; no evaluator/award rules
CASE,CR11-PROGRAM-06,PROGRAM,Evidence privacy,,,src/test/modelnet_cr11_program_tests.cpp,cr11_program_06_evidence_privacy,,NATIVE,REAL,src/modelnet/hcp_cr11_engine.inc.cpp,enforce declared visibility
CASE,CR11-PROGRAM-07,PROGRAM,Refund terms,,,src/test/modelnet_cr11_program_tests.cpp,cr11_program_07_refund_terms,,NATIVE,WEAK,src/modelnet/hcp_cr11_engine.inc.cpp,lifetime_spent==0 with refund_replenish false
CASE,CR11-PROGRAM-08,PROGRAM,Terms revision,,,src/test/modelnet_cr11_program_tests.cpp,cr11_program_08_terms_revision,,NOT_RUN,STUB,src/modelnet/hcp_cr11_engine.inc.cpp,BOOST_CHECK(true) only after ChangeTerms
CASE,CR11-PROGRAM-09,PROGRAM,Supplier proceeds,,,src/test/modelnet_cr11_program_tests.cpp,cr11_program_09_supplier_proceeds,,NATIVE,WEAK,src/modelnet/hcp_cr11_engine.inc.cpp,AnalyticsView exists
CASE,CR11-PROGRAM-10,PROGRAM,Replicated deployment,,,src/test/modelnet_cr11_program_tests.cpp,cr11_program_10_replicated_deployment,,NATIVE,WEAK,src/modelnet/hcp_cr11_engine.inc.cpp,POST position type only; no 100-device count
CASE,CR11-HOLD-01,HOLD,Public free holding,,,src/test/modelnet_cr11_hold_tests.cpp,cr11_hold_01_public_free_holding,,NOT_RUN,TAUTOLOGY,src/modelnet/hcp_cr11_engine.inc.cpp,exists(acquisition_price) || true always true
CASE,CR11-HOLD-02,HOLD,Exact recipe identity,,,src/test/modelnet_cr11_hold_tests.cpp,cr11_hold_02_exact_recipe_identity,,NATIVE,REAL,src/modelnet/hcp_cr11_engine.inc.cpp,keep distinct recipe/lock identities
CASE,CR11-HOLD-03,HOLD,Rights independence,,,src/test/modelnet_cr11_hold_tests.cpp,cr11_hold_03_rights_independence,,NATIVE,REAL,src/modelnet/hcp_cr11_engine.inc.cpp,do not infer exclusive IP or model revenue rights
CASE,CR11-HOLD-04,HOLD,Shared base allocation,,,src/test/modelnet_cr11_hold_tests.cpp,cr11_hold_04_shared_base_allocation,,NATIVE,REAL,src/modelnet/hcp_cr11_engine.inc.cpp,count the base once under the chosen allocation method
CASE,CR11-HOLD-05,HOLD,Ready is local evidence,,,src/test/modelnet_cr11_hold_tests.cpp,cr11_hold_05_ready_is_local_evidence,,NOT_RUN,TAUTOLOGY,src/modelnet/hcp_cr11_engine.inc.cpp,find RUNTIME_READY || true always true
CASE,CR11-HOLD-06,HOLD,Lock update,,,src/test/modelnet_cr11_hold_tests.cpp,cr11_hold_06_lock_update,,NATIVE,REAL,src/modelnet/hcp_cr11_engine.inc.cpp,retain exact old lock until authorized update
CASE,CR11-HOLD-07,HOLD,Retirement is not deletion,,,src/test/modelnet_cr11_hold_tests.cpp,cr11_hold_07_retirement_is_not_deletion,,NATIVE,REAL,src/modelnet/hcp_cr11_engine.inc.cpp,preserve public files and lease-safe local behavior
CASE,CR11-HOLD-08,HOLD,Provider exit,,,src/test/modelnet_cr11_hold_tests.cpp,cr11_hold_08_provider_exit,,NATIVE,REAL,src/modelnet/hcp_cr11_engine.inc.cpp,continue locally without a provider heartbeat
CASE,CR11-HOLD-09,HOLD,Cost not liquid mark,,,src/test/modelnet_cr11_hold_tests.cpp,cr11_hold_09_cost_not_liquid_mark,,NATIVE,REAL,src/modelnet/hcp_cr11_engine.inc.cpp,exclude cognitive cost from spendable reserve
CASE,CR11-HOLD-10,HOLD,Private inventory,,,src/test/modelnet_cr11_hold_tests.cpp,cr11_hold_10_private_inventory,,NATIVE,REAL,src/modelnet/hcp_cr11_engine.inc.cpp,do not infer or enumerate its private local inventory
CASE,CR11-PRODUCT-01,PRODUCT,Eligibility,,,src/test/modelnet_cr11_product_tests.cpp,cr11_product_01_eligibility,,NATIVE,WEAK,src/modelnet/hcp_cr11_engine.inc.cpp,GET prod-demo 200; no ineligible customer
CASE,CR11-PRODUCT-02,PRODUCT,Referral is not execution,,,src/test/modelnet_cr11_product_tests.cpp,cr11_product_02_referral_is_not_execution,,NATIVE,REAL,src/modelnet/hcp_cr11_engine.inc.cpp,"do not create a trade, loan or funded contract"
CASE,CR11-PRODUCT-03,PRODUCT,Actual rights,,,src/test/modelnet_cr11_product_tests.cpp,cr11_product_03_actual_rights,,NATIVE,REAL,src/modelnet/hcp_cr11_engine.inc.cpp,show actual provider/contract not a BTX-created security
CASE,CR11-PRODUCT-04,PRODUCT,Fee state,,,src/test/modelnet_cr11_product_tests.cpp,cr11_product_04_fee_state,,NATIVE,REAL,src/modelnet/hcp_cr11_engine.inc.cpp,book no execution/referral fee without its contracted event
CASE,CR11-PRODUCT-05,PRODUCT,Encumbrance,,,src/test/modelnet_cr11_product_tests.cpp,cr11_product_05_encumbrance,,NATIVE,REAL,src/modelnet/hcp_cr11_engine.inc.cpp,observe reduced actual availability
CASE,CR11-PRODUCT-06,PRODUCT,Firm quote expiry,,,src/test/modelnet_cr11_product_tests.cpp,cr11_product_06_firm_quote_expiry,,NOT_RUN,STUB,src/modelnet/hcp_cr11_engine.inc.cpp,BOOST_CHECK(true) only after ExpireQuote
CASE,CR11-PRODUCT-07,PRODUCT,Data sharing consent,,,src/test/modelnet_cr11_product_tests.cpp,cr11_product_07_data_sharing_consent,,NATIVE,REAL,src/modelnet/hcp_cr11_engine.inc.cpp,send only the customer-approved bounded data
CASE,CR11-PRODUCT-08,PRODUCT,Adapter outage,,,src/test/modelnet_cr11_product_tests.cpp,cr11_product_08_adapter_outage,,NATIVE,WEAK,src/modelnet/hcp_cr11_engine.inc.cpp,GET /profile 200; not product-adapter isolation
CASE,CR11-PRODUCT-09,PRODUCT,Existing engine,,,src/test/modelnet_cr11_product_tests.cpp,cr11_product_09_existing_engine,,NATIVE,REAL,src/modelnet/hcp_cr11_engine.inc.cpp,use actual venue execution rather than fabricated native terms
CASE,CR11-PRODUCT-10,PRODUCT,No phantom yield,,,src/test/modelnet_cr11_product_tests.cpp,cr11_product_10_no_phantom_yield,,NATIVE,REAL,src/modelnet/hcp_cr11_engine.inc.cpp,do not invent staking yield or automatic rehypothecation
CASE,CR11-REPORT-01,REPORT,Snapshot consistency,,,src/test/modelnet_cr11_report_tests.cpp,cr11_report_01_snapshot_consistency,,NATIVE,REAL,src/modelnet/hcp_cr11_engine.inc.cpp,bind to a consistent snapshot or explicit per-source observations
CASE,CR11-REPORT-02,REPORT,Separate values,,,src/test/modelnet_cr11_report_tests.cpp,cr11_report_02_separate_values,test/functional/feature_modelnet_cr11_journeys.py,NATIVE+PROCESS,REAL,src/modelnet/hcp_cr11_engine.inc.cpp,keep three dimensions separate without invented NAV
CASE,CR11-REPORT-03,REPORT,Entity scope,,,src/test/modelnet_cr11_report_tests.cpp,cr11_report_03_entity_scope,,NATIVE,REAL,src/modelnet/hcp_cr11_engine.inc.cpp,exclude unauthorized data
CASE,CR11-REPORT-04,REPORT,FX freshness,,,src/test/modelnet_cr11_report_tests.cpp,cr11_report_04_fx_freshness,,NATIVE,REAL,src/modelnet/hcp_cr11_engine.inc.cpp,show unavailable valuation without substituting zero
CASE,CR11-REPORT-05,REPORT,FOCUS edition,,,src/test/modelnet_cr11_report_tests.cpp,cr11_report_05_focus_edition,,NATIVE,WEAK,src/modelnet/hcp_cr11_engine.inc.cpp,Object type ReserveReport; no FOCUS1.3 validator
CASE,CR11-REPORT-06,REPORT,Duplicate invoice,,,src/test/modelnet_cr11_report_tests.cpp,cr11_report_06_duplicate_invoice,,NATIVE,WEAK,src/modelnet/hcp_cr11_engine.inc.cpp,Two report_ids differ; not invoice dedup
CASE,CR11-REPORT-07,REPORT,Assumption provenance,,,src/test/modelnet_cr11_report_tests.cpp,cr11_report_07_assumption_provenance,,NATIVE,REAL,src/modelnet/hcp_cr11_engine.inc.cpp,retain original assumption version and actual period
CASE,CR11-REPORT-08,REPORT,Actual revenue,,,src/test/modelnet_cr11_report_tests.cpp,cr11_report_08_actual_revenue,,NATIVE,WEAK,src/modelnet/hcp_cr11_engine.inc.cpp,AccountAvailable==1000; no fee basis
CASE,CR11-REPORT-09,REPORT,History correction,,,src/test/modelnet_cr11_report_tests.cpp,cr11_report_09_history_correction,,NATIVE,REAL,src/modelnet/hcp_cr11_engine.inc.cpp,retain immutable original and explicit superseding record
CASE,CR11-REPORT-10,REPORT,Spreadsheet injection,,,src/test/modelnet_cr11_report_tests.cpp,cr11_report_10_spreadsheet_injection,,NATIVE,WEAK,src/modelnet/hcp_cr11_engine.inc.cpp,Accepts label =cmd; no CSV escape
CASE,CR11-LOCAL-01,LOCAL,Walletless acquisition,,,src/test/modelnet_cr11_local_tests.cpp,cr11_local_01_walletless_acquisition,test/functional/feature_modelnet_cr11_journeys.py,NATIVE+PROCESS,REAL,src/modelnet/hcp_cr11_engine.inc.cpp,verify and prepare without wallet funding or full chain sync
CASE,CR11-LOCAL-02,LOCAL,Locality reuse,,,src/test/modelnet_cr11_local_tests.cpp,cr11_local_02_locality_reuse,,NOT_RUN,STUB,src/modelnet/hcp_cr11_engine.inc.cpp,BOOST_CHECK(true) only after PutResidentBase/LAN/Internet
CASE,CR11-LOCAL-03,LOCAL,Owner grant,,,src/test/modelnet_cr11_local_tests.cpp,cr11_local_03_owner_grant,,NATIVE,REAL,src/modelnet/hcp_cr11_engine.inc.cpp,ask for local approval without executing
CASE,CR11-LOCAL-04,LOCAL,CFO not OS authority,,,src/test/modelnet_cr11_local_tests.cpp,cr11_local_04_cfo_not_os_authority,,NATIVE,REAL,src/modelnet/hcp_cr11_engine.inc.cpp,retain independent software trust requirement
CASE,CR11-LOCAL-05,LOCAL,Gateway outage,,,src/test/modelnet_cr11_local_tests.cpp,cr11_local_05_gateway_outage,,NATIVE,REAL,src/modelnet/hcp_cr11_engine.inc.cpp,continue local use and safe lease lifecycle
CASE,CR11-LOCAL-06,LOCAL,Package substitution,,,src/test/modelnet_cr11_local_tests.cpp,cr11_local_06_package_substitution,,NOT_RUN,STUB,src/modelnet/hcp_cr11_engine.inc.cpp,BOOST_CHECK(true) only after PutPackage
CASE,CR11-LOCAL-07,LOCAL,Device replay,,,src/test/modelnet_cr11_local_tests.cpp,cr11_local_07_device_replay,,NATIVE,WEAK,src/modelnet/hcp_cr11_engine.inc.cpp,PairDevice B; no A-to-B replay deny
CASE,CR11-LOCAL-08,LOCAL,Physical cancellation,,,src/test/modelnet_cr11_local_tests.cpp,cr11_local_08_physical_cancellation,,NATIVE,REAL,src/modelnet/hcp_cr11_engine.inc.cpp,retain physical buffers until backend fence confirms safety
CASE,CR11-LOCAL-09,LOCAL,Credential isolation,,,src/test/modelnet_cr11_local_tests.cpp,cr11_local_09_credential_isolation,,NATIVE,REAL,src/modelnet/hcp_cr11_engine.inc.cpp,"no token appears in model, package, process environment or peer traffic"
CASE,CR11-LOCAL-10,LOCAL,Coarse reporting,,,src/test/modelnet_cr11_local_tests.cpp,cr11_local_10_coarse_reporting,,NATIVE,REAL,src/modelnet/hcp_cr11_engine.inc.cpp,"send no raw prompts, KV, absolute paths or complete inventory"
CASE,CR11-AUTH-01,AUTH,Wrong sender key,,,src/test/modelnet_cr11_auth_tests.cpp,cr11_auth_01_wrong_sender_key,,NATIVE,REAL,src/modelnet/hcp_cr11_engine.inc.cpp,deny token use
CASE,CR11-AUTH-02,AUTH,DPoP replay,,,src/test/modelnet_cr11_auth_tests.cpp,cr11_auth_02_dpop_replay,,NATIVE,REAL,src/modelnet/hcp_cr11_engine.inc.cpp,reject proof replay while business idempotency stays separate
CASE,CR11-AUTH-03,AUTH,Body substitution,,,src/test/modelnet_cr11_auth_tests.cpp,cr11_auth_03_body_substitution,,NATIVE,REAL,src/modelnet/hcp_cr11_engine.inc.cpp,reject unmatched immutable approval digest
CASE,CR11-AUTH-04,AUTH,Audience mismatch,,,src/test/modelnet_cr11_auth_tests.cpp,cr11_auth_04_audience_mismatch,,NATIVE,REAL,src/modelnet/hcp_cr11_engine.inc.cpp,deny
CASE,CR11-AUTH-05,AUTH,Public client secrecy,,,src/test/modelnet_cr11_auth_tests.cpp,cr11_auth_05_public_client_secrecy,,NATIVE,REAL,src/modelnet/hcp_cr11_engine.inc.cpp,contain no confidential shared OAuth secret
CASE,CR11-AUTH-06,AUTH,Read-only scope,,,src/test/modelnet_cr11_auth_tests.cpp,cr11_auth_06_read_only_scope,,NATIVE,REAL,src/modelnet/hcp_cr11_engine.inc.cpp,deny before state mutation
CASE,CR11-AUTH-07,AUTH,Provider key compromise,,,src/test/modelnet_cr11_auth_tests.cpp,cr11_auth_07_provider_key_compromise,,NATIVE,REAL,src/modelnet/hcp_cr11_engine.inc.cpp,reject new authority while preserving historic records
CASE,CR11-AUTH-08,AUTH,Root enrollment,,,src/test/modelnet_cr11_auth_tests.cpp,cr11_auth_08_root_enrollment,,NOT_RUN,TAUTOLOGY,src/modelnet/hcp_cr11_engine.inc.cpp,EnrollProvider || true always true
CASE,CR11-AUTH-09,AUTH,Browser request forgery,,,src/test/modelnet_cr11_auth_tests.cpp,cr11_auth_09_browser_request_forgery,,NATIVE,REAL,src/modelnet/hcp_cr11_engine.inc.cpp,enforce session/origin/profile protections
CASE,CR11-AUTH-10,AUTH,SSRF boundary,,,src/test/modelnet_cr11_auth_tests.cpp,cr11_auth_10_ssrf_boundary,,NATIVE,WEAK,src/modelnet/hcp_cr11_engine.inc.cpp,RegisterFetch mock 403; not live SSRF policy
CASE,CR11-PRIV-01,PRIV,Reporting default,,,src/test/modelnet_cr11_priv_tests.cpp,cr11_priv_01_reporting_default,,NATIVE,REAL,src/modelnet/hcp_cr11_engine.inc.cpp,no local telemetry is sent by default
CASE,CR11-PRIV-02,PRIV,Private response cache,,,src/test/modelnet_cr11_priv_tests.cpp,cr11_priv_02_private_response_cache,,NATIVE,REAL,src/modelnet/hcp_cr11_engine.inc.cpp,never serve one customer data to another
CASE,CR11-PRIV-03,PRIV,Event partition,,,src/test/modelnet_cr11_priv_tests.cpp,cr11_priv_03_event_partition,,NATIVE,WEAK,src/modelnet/hcp_cr11_engine.inc.cpp,GET /events status 200|400|401
CASE,CR11-PRIV-04,PRIV,Secret sentinels,,,src/test/modelnet_cr11_priv_tests.cpp,cr11_priv_04_secret_sentinels,,NATIVE,REAL,src/modelnet/hcp_cr11_engine.inc.cpp,find no sentinel in unauthorized outputs
CASE,CR11-PRIV-05,PRIV,Prompt and KV,,,src/test/modelnet_cr11_priv_tests.cpp,cr11_priv_05_prompt_and_kv,,NATIVE,REAL,src/modelnet/hcp_cr11_engine.inc.cpp,no input or cached state reaches the hosted service
CASE,CR11-PRIV-06,PRIV,Aggregate analytics,,,src/test/modelnet_cr11_priv_tests.cpp,cr11_priv_06_aggregate_analytics,,NATIVE,REAL,src/modelnet/hcp_cr11_engine.inc.cpp,enforce explicit policy and minimum cohort controls
CASE,CR11-PRIV-07,PRIV,Export credential exclusion,,,src/test/modelnet_cr11_priv_tests.cpp,cr11_priv_07_export_credential_exclusion,,NATIVE,REAL,src/modelnet/hcp_cr11_engine.inc.cpp,"exclude login tokens, private keys and bearer capabilities"
CASE,CR11-PRIV-08,PRIV,Adviser revocation,,,src/test/modelnet_cr11_priv_tests.cpp,cr11_priv_08_adviser_revocation,,NATIVE,WEAK,src/modelnet/hcp_cr11_engine.inc.cpp,POST export 201; no mid-export revoke
CASE,CR11-PRIV-09,PRIV,Financial retention distinction,,,src/test/modelnet_cr11_priv_tests.cpp,cr11_priv_09_financial_retention_distinction,,NATIVE,WEAK,src/modelnet/hcp_cr11_engine.inc.cpp,IntentCount>=0 always
CASE,CR11-PRIV-10,PRIV,Pairwise device identity,,,src/test/modelnet_cr11_priv_tests.cpp,cr11_priv_10_pairwise_device_identity,,NATIVE,REAL,src/modelnet/hcp_cr11_engine.inc.cpp,use distinct pairwise identifiers and no global private tracking ID
CASE,CR11-UX-01,UX,Six primary screens,,,src/test/modelnet_cr11_ux_tests.cpp,cr11_ux_01_six_primary_screens,,NATIVE,WEAK,src/modelnet/hcp_cr11_engine.inc.cpp,Local string contains six words; no portal
CASE,CR11-UX-02,UX,Persistent payer,,,src/test/modelnet_cr11_ux_tests.cpp,cr11_ux_02_persistent_payer,,NATIVE,REAL,src/modelnet/hcp_cr11_engine.inc.cpp,show exact legal payer and portfolio
CASE,CR11-UX-03,UX,One decision packet,,,src/test/modelnet_cr11_ux_tests.cpp,cr11_ux_03_one_decision_packet,,NATIVE,REAL,src/modelnet/hcp_cr11_engine.inc.cpp,present all effects coherently without per-packet prompts
CASE,CR11-UX-04,UX,Independent local permission,,,src/test/modelnet_cr11_ux_tests.cpp,cr11_ux_04_independent_local_permission,,NATIVE,REAL,src/modelnet/hcp_cr11_engine.inc.cpp,identify the remaining local permission separately
CASE,CR11-UX-05,UX,Duplicate click,,,src/test/modelnet_cr11_ux_tests.cpp,cr11_ux_05_duplicate_click,,NATIVE,REAL,src/modelnet/hcp_cr11_engine.inc.cpp,one business operation occurs
CASE,CR11-UX-06,UX,Unknown outcome copy,,,src/test/modelnet_cr11_ux_tests.cpp,cr11_ux_06_unknown_outcome_copy,,NATIVE,WEAK,src/modelnet/hcp_cr11_engine.inc.cpp,Error string constant equality
CASE,CR11-UX-07,UX,Keyboard and reader,,,src/test/modelnet_cr11_ux_tests.cpp,cr11_ux_07_keyboard_and_reader,,NOT_RUN,STUB,src/modelnet/hcp_cr11_engine.inc.cpp,BOOST_CHECK(true) only; no keyboard/reader lab
CASE,CR11-UX-08,UX,Session reauthentication,,,src/test/modelnet_cr11_ux_tests.cpp,cr11_ux_08_session_reauthentication,,NATIVE,REAL,src/modelnet/hcp_cr11_engine.inc.cpp,retain draft but recheck current plan and permissions
CASE,CR11-UX-09,UX,Localized units,,,src/test/modelnet_cr11_ux_tests.cpp,cr11_ux_09_localized_units,,NATIVE,WEAK,src/modelnet/hcp_cr11_engine.inc.cpp,Cr11Capacity 250; not locale/units
CASE,CR11-UX-10,UX,Free public journey,,,src/test/modelnet_cr11_ux_tests.cpp,cr11_ux_10_free_public_journey,,NATIVE,REAL,src/modelnet/hcp_cr11_engine.inc.cpp,"no compulsory exchange payment, new wallet or forced subscription"
CASE,CR11-SCALE-01,SCALE,Read load,,,src/test/modelnet_cr11_scale_tests.cpp,cr11_scale_01_read_load,,NATIVE,WEAK,src/modelnet/hcp_cr11_engine.inc.cpp,64 GET /health; not 1000 rps measured
CASE,CR11-SCALE-02,SCALE,Write load,,,src/test/modelnet_cr11_scale_tests.cpp,cr11_scale_02_write_load,,NATIVE,WEAK,src/modelnet/hcp_cr11_engine.inc.cpp,32 POST allocations; not 100 wps transactional
CASE,CR11-SCALE-03,SCALE,History scale,,,src/test/modelnet_cr11_scale_tests.cpp,cr11_scale_03_history_scale,,NATIVE,WEAK,src/modelnet/hcp_cr11_engine.inc.cpp,EventLogicalCount>=0
CASE,CR11-SCALE-04,SCALE,Queued jobs,,,src/test/modelnet_cr11_scale_tests.cpp,cr11_scale_04_queued_jobs,,NOT_RUN,STUB,src/modelnet/hcp_cr11_engine.inc.cpp,BOOST_CHECK(true) only after DeliverEventDuplicates
CASE,CR11-SCALE-05,SCALE,Body bound,,,src/test/modelnet_cr11_scale_tests.cpp,cr11_scale_05_body_bound,,NATIVE,REAL,src/modelnet/hcp_cr11_engine.inc.cpp,reject before unbounded allocation or signature work
CASE,CR11-SCALE-06,SCALE,Failure isolation,,,src/test/modelnet_cr11_scale_tests.cpp,cr11_scale_06_failure_isolation,,NATIVE,WEAK,src/modelnet/hcp_cr11_engine.inc.cpp,GET /health
CASE,CR11-SCALE-07,SCALE,Slow export consumer,,,src/test/modelnet_cr11_scale_tests.cpp,cr11_scale_07_slow_export_consumer,,NATIVE,WEAK,src/modelnet/hcp_cr11_engine.inc.cpp,POST export 201; no slow consumer
CASE,CR11-SCALE-08,SCALE,Leader crash,,,src/test/modelnet_cr11_scale_tests.cpp,cr11_scale_08_leader_crash,,NOT_RUN,STUB,src/modelnet/hcp_cr11_engine.inc.cpp,BOOST_CHECK(true) only after ExpireLease/SetExecutorOwner
CASE,CR11-SCALE-09,SCALE,Cursor expiry,,,src/test/modelnet_cr11_scale_tests.cpp,cr11_scale_09_cursor_expiry,,NATIVE,WEAK,src/modelnet/hcp_cr11_engine.inc.cpp,GET /events status OR cursor code
CASE,CR11-SCALE-10,SCALE,Evidence truth,,,src/test/modelnet_cr11_scale_tests.cpp,cr11_scale_10_evidence_truth,,NATIVE,REAL,src/modelnet/hcp_cr11_engine.inc.cpp,keep evidence tiers distinct and never infer hardware PASS
CASE,CR11-PORT-01,PORT,Dual provider,,,src/test/modelnet_cr11_port_tests.cpp,cr11_port_01_dual_provider,,NATIVE,WEAK,src/modelnet/hcp_cr11_engine.inc.cpp,Two HcpEngine::Create instances; not two gateways serving a package
CASE,CR11-PORT-02,PORT,No spend failover,,,src/test/modelnet_cr11_port_tests.cpp,cr11_port_02_no_spend_failover,,NOT_RUN,TAUTOLOGY,src/modelnet/hcp_cr11_engine.inc.cpp,last execution empty || not empty always true
CASE,CR11-PORT-03,PORT,No key export,,,src/test/modelnet_cr11_port_tests.cpp,cr11_port_03_no_key_export,,NATIVE,REAL,src/modelnet/hcp_cr11_engine.inc.cpp,require new authentication and never transfer secret authority
CASE,CR11-PORT-04,PORT,Custody obligations,,,src/test/modelnet_cr11_port_tests.cpp,cr11_port_04_custody_obligations,,NATIVE,REAL,src/modelnet/hcp_cr11_engine.inc.cpp,keep original custodian responsibility visible and recoverable
CASE,CR11-PORT-05,PORT,Old client,,,src/test/modelnet_cr11_port_tests.cpp,cr11_port_05_old_client,,NATIVE,REAL,src/modelnet/hcp_cr11_engine.inc.cpp,work without extension fields
CASE,CR11-PORT-06,PORT,Old server,,,src/test/modelnet_cr11_port_tests.cpp,cr11_port_06_old_server,,NATIVE,REAL,src/modelnet/hcp_cr11_engine.inc.cpp,refuse unsupported extension clearly
CASE,CR11-PORT-07,PORT,Extension rollback,,,src/test/modelnet_cr11_port_tests.cpp,cr11_port_07_extension_rollback,,NATIVE,REAL,src/modelnet/hcp_cr11_engine.inc.cpp,keep recovery/exports while blocking new effects
CASE,CR11-PORT-08,PORT,Revoked provider,,,src/test/modelnet_cr11_port_tests.cpp,cr11_port_08_revoked_provider,,NATIVE,REAL,src/modelnet/hcp_cr11_engine.inc.cpp,deny new effects without deleting acquired public models
CASE,CR11-PORT-09,PORT,Exact export,,,src/test/modelnet_cr11_port_tests.cpp,cr11_port_09_exact_export,,NATIVE,REAL,src/modelnet/hcp_cr11_engine.inc.cpp,retain exact immutable commitments and attribution
CASE,CR11-PORT-10,PORT,Actual cross-venue money,,,src/test/modelnet_cr11_port_tests.cpp,cr11_port_10_actual_cross_venue_money,,NATIVE,WEAK,src/modelnet/hcp_cr11_engine.inc.cpp,AccountAvailable==1000; no real rails
CASE,CR11-INTEGRATE-01,INTEGRATE,Custody fee basis,,,src/test/modelnet_cr11_integrate_tests.cpp,cr11_integrate_01_custody_fee_basis,,NATIVE,WEAK,src/modelnet/hcp_cr11_engine.inc.cpp,automatic_spend_atoms==0 only
CASE,CR11-INTEGRATE-02,INTEGRATE,Trading fees,,,src/test/modelnet_cr11_integrate_tests.cpp,cr11_integrate_02_trading_fees,,NATIVE,WEAK,src/modelnet/hcp_cr11_engine.inc.cpp,IntentCount==0
CASE,CR11-INTEGRATE-03,INTEGRATE,Funding principal,,,src/test/modelnet_cr11_integrate_tests.cpp,cr11_integrate_03_funding_principal,,NATIVE,WEAK,src/modelnet/hcp_cr11_engine.inc.cpp,finance_enabled true
CASE,CR11-INTEGRATE-04,INTEGRATE,Family purpose separation,,,src/test/modelnet_cr11_integrate_tests.cpp,cr11_integrate_04_family_purpose_separation,,NATIVE,WEAK,src/modelnet/hcp_cr11_engine.inc.cpp,family_view + extension enabled
CASE,CR11-INTEGRATE-05,INTEGRATE,Measured savings,,,src/test/modelnet_cr11_integrate_tests.cpp,cr11_integrate_05_measured_savings,,NATIVE,REAL,src/modelnet/hcp_cr11_engine.inc.cpp,separate measurement from forecast and eliminate duplicate cost allocation
CASE,CR11-INTEGRATE-06,INTEGRATE,Second partner onboarding,,,src/test/modelnet_cr11_integrate_tests.cpp,cr11_integrate_06_second_partner_onboarding,,NATIVE,WEAK,src/modelnet/hcp_cr11_engine.inc.cpp,Create second engine provider-b; no adapter conformance
CASE,CR11-INTEGRATE-07,INTEGRATE,Real route coverage,,,src/test/modelnet_cr11_integrate_tests.cpp,cr11_integrate_07_real_route_coverage,,NATIVE,WEAK,src/modelnet/hcp_cr11_engine.inc.cpp,10 GET list paths; claims 50 ops; ok>=8
CASE,CR11-INTEGRATE-08,INTEGRATE,SDK parity,,,src/test/modelnet_cr11_integrate_tests.cpp,cr11_integrate_08_sdk_parity,,NATIVE,REAL,src/modelnet/hcp_cr11_engine.inc.cpp,match exact body IDs and rejection rules; real signatures are separate tests
CASE,CR11-INTEGRATE-09,INTEGRATE,No remote inference,,,src/test/modelnet_cr11_integrate_tests.cpp,cr11_integrate_09_no_remote_inference,,NATIVE,REAL,src/modelnet/hcp_cr11_engine.inc.cpp,expose no public prompt router or per-token payment path
CASE,CR11-INTEGRATE-10,INTEGRATE,Regression closure,,,src/test/modelnet_cr11_integrate_tests.cpp,cr11_integrate_10_regression_closure,,NATIVE,WEAK,src/modelnet/hcp_cr11_engine.inc.cpp,GET /profile ProviderProfile; does not run 120 HCP cases
