operation_id,method,path,scope,effect,request,response,disposition
getLayerExtension,GET,/btx/hcp/v1/extensions/cognitive-reserve/v1.2,catalog:read,READ,,LayerExtensionProfileV1_2Envelope,NEW on same HcpEngine
publishProviderRoles,POST,/btx/hcp/v1/layer/roles,layer:admin,RECORD,ProviderRoleManifestV1_2,ProviderRoleManifestV1_2Envelope,NEW on same HcpEngine
getProviderRoles,GET,/btx/hcp/v1/layer/roles/{id},catalog:read,READ,,ProviderRoleManifestV1_2Envelope,NEW on same HcpEngine
listProviderRoles,GET,/btx/hcp/v1/layer/roles,catalog:read,READ,,Page,NEW on same HcpEngine
createServiceBinding,POST,/btx/hcp/v1/layer/bindings,bindings:admin,BIND,ServiceBindingV1_2,ServiceBindingV1_2Envelope,NEW on same HcpEngine
getServiceBinding,GET,/btx/hcp/v1/layer/bindings/{id},bindings:read,READ,,ServiceBindingV1_2Envelope,NEW on same HcpEngine
listServiceBindings,GET,/btx/hcp/v1/layer/bindings,bindings:read,READ,,Page,NEW on same HcpEngine
revokeServiceBinding,POST,/btx/hcp/v1/layer/bindings/{id}/revoke,bindings:admin,BIND,BindingRevokeRequest,ServiceBindingV1_2Envelope,NEW on same HcpEngine
validateAdapterCapabilities,POST,/btx/hcp/v1/layer/adapters/validate,layer:admin,RECORD,AdapterValidateRequest,Job,NEW on same HcpEngine
getAdapterCapabilityReport,GET,/btx/hcp/v1/layer/adapters/{id},bindings:read,READ,,AdapterCapabilityManifestV1_2Envelope,NEW on same HcpEngine
registerInstitutionalAsset,POST,/btx/hcp/v1/institutional/assets,assets:write,RECORD,InstitutionalAssetRecordV1_2,InstitutionalAssetRecordV1_2Envelope,NEW on same HcpEngine
getInstitutionalAsset,GET,/btx/hcp/v1/institutional/assets/{id},assets:read,READ,,InstitutionalAssetRecordV1_2Envelope,NEW on same HcpEngine
listInstitutionalAssets,GET,/btx/hcp/v1/institutional/assets,assets:read,READ,,Page,NEW on same HcpEngine
recordAssetRights,POST,/btx/hcp/v1/institutional/assets/{id}/rights,assets:write,RECORD,RightsStatementV1_2,RightsStatementV1_2Envelope,NEW on same HcpEngine
ingestPositionBatch,POST,/btx/hcp/v1/institutional/positions/batches,positions:write,RECORD,PositionBatchRequest,Job,NEW on same HcpEngine
getPositionObservation,GET,/btx/hcp/v1/institutional/positions/{id},positions:read,READ,,PositionObservationV1_2Envelope,NEW on same HcpEngine
getPositionSnapshot,GET,/btx/hcp/v1/institutional/positions,positions:read,READ,,Page,NEW on same HcpEngine
recordValuationObservation,POST,/btx/hcp/v1/institutional/valuations,valuations:write,RECORD,ValuationObservationV1_2,ValuationObservationV1_2Envelope,NEW on same HcpEngine
getValuationObservation,GET,/btx/hcp/v1/institutional/valuations/{id},valuations:read,READ,,ValuationObservationV1_2Envelope,NEW on same HcpEngine
recordExposureLinks,POST,/btx/hcp/v1/institutional/exposures,exposures:write,RECORD,ExposureLinkV1_2,ExposureLinkV1_2Envelope,NEW on same HcpEngine
listExposureLinks,GET,/btx/hcp/v1/institutional/exposures,exposures:read,READ,,Page,NEW on same HcpEngine
defineInstitutionalMetric,POST,/btx/hcp/v1/institutional/metrics,metrics:admin,RECORD,MetricDefinitionV1_2,MetricDefinitionV1_2Envelope,NEW on same HcpEngine
listInstitutionalMetrics,GET,/btx/hcp/v1/institutional/metrics,metrics:read,READ,,Page,NEW on same HcpEngine
createPortfolioProjection,POST,/btx/hcp/v1/institutional/projections,projections:create,RECORD,ProjectionRequest,Job,NEW on same HcpEngine
getPortfolioProjection,GET,/btx/hcp/v1/institutional/projections/{id},projections:read,READ,,PortfolioProjectionV1_2Envelope,NEW on same HcpEngine
createInstitutionalExport,POST,/btx/hcp/v1/institutional/exports,exports:create,EXPORT,ExportRequest,Job,NEW on same HcpEngine
getInstitutionalExport,GET,/btx/hcp/v1/institutional/exports/{id},exports:read,READ,,ExportManifestV1_2Envelope,NEW on same HcpEngine
downloadInstitutionalExportChunk,GET,/btx/hcp/v1/institutional/exports/{id}/chunks/{chunk_id},exports:read,READ,,BINARY,NEW on same HcpEngine
validateInstitutionalImport,POST,/btx/hcp/v1/institutional/imports/validate,imports:write,RECORD,ImportValidateRequest,Job,NEW on same HcpEngine
commitInstitutionalImport,POST,/btx/hcp/v1/institutional/imports/{id}/commit,imports:write,RECORD,ImportCommitRequest,InteroperabilityReceiptV1_2Envelope,NEW on same HcpEngine
getInstitutionalImport,GET,/btx/hcp/v1/institutional/imports/{id},imports:read,READ,,InteroperabilityReceiptV1_2Envelope,NEW on same HcpEngine
listReconciliationBreaks,GET,/btx/hcp/v1/institutional/breaks,reconciliation:read,READ,,Page,NEW on same HcpEngine
getReconciliationBreak,GET,/btx/hcp/v1/institutional/breaks/{id},reconciliation:read,READ,,ReconciliationBreakV1_2Envelope,NEW on same HcpEngine
resolveReconciliationBreak,POST,/btx/hcp/v1/institutional/breaks/{id}/resolve,reconciliation:write,RECORD,ResolveBreakRequest,ReconciliationBreakV1_2Envelope,NEW on same HcpEngine
preparePortfolioInstruction,POST,/btx/hcp/v1/institutional/instructions,capital:prepare,PLAN,InstructionRequest,PortfolioInstructionV1_2Envelope,NEW on same HcpEngine
getPortfolioInstruction,GET,/btx/hcp/v1/institutional/instructions/{id},capital:read,READ,,PortfolioInstructionV1_2Envelope,NEW on same HcpEngine
translatePortfolioInstruction,POST,/btx/hcp/v1/institutional/instructions/{id}/translate,capital:prepare,TRANSLATE_TO_DRAFT,IdRequest,InteroperabilityReceiptV1_2Envelope,NEW on same HcpEngine
runInstitutionalScenario,POST,/btx/hcp/v1/institutional/scenarios,scenarios:create,RECORD,ScenarioRequest,Job,NEW on same HcpEngine
getInstitutionalScenario,GET,/btx/hcp/v1/institutional/scenarios/{id},scenarios:read,READ,,ScenarioResultV1_2Envelope,NEW on same HcpEngine
getLayerConformance,GET,/btx/hcp/v1/layer/conformance/{id},catalog:read,READ,,ConformanceStatementV1_2Envelope,NEW on same HcpEngine
getLayerJob,GET,/btx/hcp/v1/layer/jobs/{id},jobs:read,READ,,Job,NEW on same HcpEngine
cancelLayerJob,POST,/btx/hcp/v1/layer/jobs/{id}/cancel,jobs:cancel,RECORD,IdRequest,Job,NEW on same HcpEngine
stageInstitutionalImportChunk,POST,/btx/hcp/v1/institutional/imports/chunks,imports:write,RECORD,BINARY,StagedChunk,NEW on same HcpEngine
