test_id,family,title,prerequisites,given,when,assertions,evidence_path,status
HCP-FRM-01,FRM,Canonical statement round trip,native codec + real ML-DSA provider keys,A ProviderProfile with canonical body and a native provider signature,"Encode, decode and independently re-encode it",Identical body bytes and body_id; native signature verifies; field roles remain distinct,evidence/HCP-FRM-01/,NOT_RUN
HCP-FRM-02,FRM,Parser differential rejection,native codec + real ML-DSA provider keys,"Raw bodies containing duplicate keys, float/exponent numbers, lone surrogates or trailing bytes","Feed the same vectors to API, native verifier and SDK readers",All reject before privileged effects; no parser selects a different meaning,evidence/HCP-FRM-02/,NOT_RUN
HCP-FRM-03,FRM,Domain separation,native codec + real ML-DSA provider keys,The same semantic fields signed as CapabilityOffer,Relabel the envelope as FinancialReceipt without resigning,Body domain mismatch fails; no economic observation is accepted,evidence/HCP-FRM-03/,NOT_RUN
HCP-FRM-04,FRM,Unknown provider self-signature,native codec + real ML-DSA provider keys,A syntactically valid profile signed by a new unaccepted root,Attempt automatic enrollment through a model package,Preview may display the claim; no trusted provider or account connection is installed,evidence/HCP-FRM-04/,NOT_RUN
HCP-FRM-05,FRM,Operational key rotation,native codec + real ML-DSA provider keys,"An enrolled root, old key and valid sequence-bound rotation",Rotate during active handoffs and replay an older keyset,Permitted overlap works; stale sequence and expired/revoked keys cannot authorize new effects,evidence/HCP-FRM-05/,NOT_RUN
HCP-FRM-06,FRM,Origin rebinding,native codec + real ML-DSA provider keys,A trusted provider profile whose next fetch redirects to a different origin,Fetch profile and token metadata through the redirect,No credential is forwarded; unapproved origin change requires enrollment,evidence/HCP-FRM-06/,NOT_RUN
HCP-FRM-07,FRM,Size and structural bounds,native codec + real ML-DSA provider keys,"Oversized body, enormous arrays and nesting above configured limits",Submit before expensive schema and signature verification,"Bounded rejection, memory ceiling and no CPU-amplification loop",evidence/HCP-FRM-07/,NOT_RUN
HCP-FRM-08,FRM,Role separation across signatures,native codec + real ML-DSA provider keys,Accepted provider key and independently trusted package/software keys,"Use provider signature as package author, client distributor or wallet signature",Every inappropriate role is rejected; correct provider receipt remains only an attestation,evidence/HCP-FRM-08/,NOT_RUN
HCP-AUTH-01,AUTH,Authorization code PKCE,real configured OAuth test identity provider,Two browser sessions and separate PKCE challenges,"Swap code, redirect, state or verifier across sessions",Code is rejected; no account session/token leaks; exact legitimate session succeeds,evidence/HCP-AUTH-01/,NOT_RUN
HCP-AUTH-02,AUTH,Sender-constrained token theft,real configured OAuth test identity provider,A DPoP-bound or mTLS-bound financial token,Use it with a different key/certificate or replay proof ID,Access is denied; no financial preparation/signing effect occurs,evidence/HCP-AUTH-02/,NOT_RUN
HCP-AUTH-03,AUTH,Audience enforcement,real configured OAuth test identity provider,Tokens for catalogue and a distinct MCP/resource service,Present each to finance and local capability endpoints,Audience mismatch is rejected; no token passthrough to downstream services,evidence/HCP-AUTH-03/,NOT_RUN
HCP-AUTH-04,AUTH,Scope escalation,real configured OAuth test identity provider,catalog:read token and a valid private account,"Attempt quote, authorization, submit and policy creation through GET/POST variants",All writes fail; read-only responses reveal no account-private data,evidence/HCP-AUTH-04/,NOT_RUN
HCP-AUTH-05,AUTH,Tenant object isolation,real configured OAuth test identity provider,Accounts A and B with similarly named intents/devices,A requests B objects by guessed IDs and cursor,"Response denies access without leaking existence, balances or metadata",evidence/HCP-AUTH-05/,NOT_RUN
HCP-AUTH-06,AUTH,DPoP is not body approval,real configured OAuth test identity provider,A sender-valid token and previously approved intent body,Change principal or terms while retaining request proof,Immutable intent digest check rejects content mutation despite valid token possession,evidence/HCP-AUTH-06/,NOT_RUN
HCP-AUTH-07,AUTH,Refresh and revocation,real configured OAuth test identity provider,Active agent token and revoked refresh/policy context,Attempt reuse across renewal and in-flight new authorization,Revoked authority blocks new effects; existing dispatched effects remain reconcilable,evidence/HCP-AUTH-07/,NOT_RUN
HCP-AUTH-08,AUTH,Secret leakage sweep,real configured OAuth test identity provider,"Sentinel OAuth tokens, cloud credentials and wallet secret fixtures","Exercise failure, export, runtime, logs and source-hint paths",Sentinels occur only in approved secret stores; no child runtime environment or public payload contains them,evidence/HCP-AUTH-08/,NOT_RUN
HCP-GRANT-01,GRANT,Handoff without local grant,native local grant service + gateway policy adapter,Valid signed handoff and no LocalCapabilityGrant,Ask the connector to acquire and run,Returns LOCAL_GRANT_REQUIRED without model network/runtime side effects,evidence/HCP-GRANT-01/,NOT_RUN
HCP-GRANT-02,GRANT,Finite first-use convenience,native local grant service + gateway policy adapter,Owner grants acquire/load for exact recipes and finite budgets,Complete several covered local steps unattended,No repeated per-step approval; every effect and reservation stays within the original scope,evidence/HCP-GRANT-02/,NOT_RUN
HCP-GRANT-03,GRANT,Financial policy cannot launch,native local grant service + gateway policy adapter,Valid HostedAccountPolicy allowing release funding,Present it as authority for runtime execution,Rejected by local service; no executable or memory allocation is authorized,evidence/HCP-GRANT-03/,NOT_RUN
HCP-GRANT-04,GRANT,Local grant cannot spend,native local grant service + gateway policy adapter,Valid local acquisition/run policy and funded customer account,Try finance authorize/submit using local grant ID,Rejected by gateway/custody policy; balances unchanged,evidence/HCP-GRANT-04/,NOT_RUN
HCP-GRANT-05,GRANT,Revocation race,native local grant service + gateway policy adapter,Authorized local job and account policy revision near expiry,Revoke as another worker attempts a new signature or local effect,New effects fail; already in-flight buffers/signatures follow safe reconciliation,evidence/HCP-GRANT-05/,NOT_RUN
HCP-GRANT-06,GRANT,Resource ceilings,native local grant service + gateway policy adapter,Two concurrent ensure jobs each fitting isolated memory budget,Run both under one shared host ceiling,Atomic admission prevents combined oversubscription; no duplicate broker creates fictitious capacity,evidence/HCP-GRANT-06/,NOT_RUN
HCP-GRANT-07,GRANT,Future issuer scope,native local grant service + gateway policy adapter,Finite subscription for publisher P,Deliver signed release by Q and P after root rotation,Q denied; P rotation follows exact delegation policy rather than arbitrary same display name,evidence/HCP-GRANT-07/,NOT_RUN
HCP-GRANT-08,GRANT,Deadline does not relax policy,native local grant service + gateway policy adapter,Fast untrusted source and slow approved source,Set an unreachable TTC deadline,"Returns explicit unmet deadline; no verification, software trust or privacy rule is disabled",evidence/HCP-GRANT-08/,NOT_RUN
HCP-DISC-01,DISC,Exact package preservation,native signed-object store + hosted projection,Native Core v3 descriptor with documents and recipes,Fetch it through two independent hosted providers,Same package_core_id and byte hash; provider wrappers do not mutate the signed core,evidence/HCP-DISC-01/,NOT_RUN
HCP-DISC-02,DISC,Curation versus truth,native signed-object store + hosted projection,Sponsored entry with limited availability evidence,Render search and export machine response,"Sponsorship/rank, signature status, quality claims and observed availability are separate fields",evidence/HCP-DISC-02/,NOT_RUN
HCP-DISC-03,DISC,No invented capacity,native signed-object store + hosted projection,Source reports unknown memory compatibility and incomplete provider view,Search with strict memory/evidence requirements,Unknown remains unknown; does not become compatible or globally complete,evidence/HCP-DISC-03/,NOT_RUN
HCP-DISC-04,DISC,Catalogue caching isolation,native signed-object store + hosted projection,Public immutable package and account-private funding view,Exercise shared caches across accounts and stale versions,Immutable bytes cache safely; private responses no-store and no cross-account cache hit,evidence/HCP-DISC-04/,NOT_RUN
HCP-DISC-05,DISC,Bounded natural-language input,native signed-object store + hosted projection,Query containing native RPC text or SQL-like syntax,Search and paginate through gateway,Text stays data; query budget enforced; no native mutation or expression execution,evidence/HCP-DISC-05/,NOT_RUN
HCP-DISC-06,DISC,Economic freshness,native signed-object store + hosted projection,Old percent-funded label and current different chain state,Read economy view before planning finance,Dated observation displayed separately; current terms/anchor required for financial plan,evidence/HCP-DISC-06/,NOT_RUN
HCP-DISC-07,DISC,Capability equivalence guard,native signed-object store + hosted projection,Two similarly named recipes with different evidence/outputs,Select under a minimum capability contract,Only qualifying recipe eligible; same keyword is not substitution authority,evidence/HCP-DISC-07/,NOT_RUN
HCP-DISC-08,DISC,Independent provider alternative,native signed-object store + hosted projection,"Provider A offline, provider B has same exact package",Explicitly switch discovery configuration,Read discovery succeeds without changing package/resource identity or migrating financial intent,evidence/HCP-DISC-08/,NOT_RUN
HCP-HAND-01,HAND,Device and nonce binding,hosted connector + native package verifier,Valid handoff for device A nonce N,Replay to B or to A with a different pending nonce,Rejected before planning; no transfer or execution job created,evidence/HCP-HAND-01/,NOT_RUN
HCP-HAND-02,HAND,Expiry and clock policy,hosted connector + native package verifier,Handoff at boundary of allowed skew and a stale one,Verify with deterministic clock fixtures,Only policy-valid handoff accepted; no unlimited grace caused by malformed timestamp,evidence/HCP-HAND-02/,NOT_RUN
HCP-HAND-03,HAND,Package substitution,hosted connector + native package verifier,Handoff binds one exact package/recipe,Serve another validly signed package at the same URL,PACKAGE_MISMATCH; neither author signature nor HTTPS hides substitution,evidence/HCP-HAND-03/,NOT_RUN
HCP-HAND-04,HAND,Durable duplicate handoff,hosted connector + native package verifier,Accepted handoff and interrupted response,Deliver repeatedly after client restart,One local business job/generation or explicit previous outcome; no duplicate resource reservation,evidence/HCP-HAND-04/,NOT_RUN
HCP-HAND-05,HAND,Malicious instruction fields,hosted connector + native package verifier,Valid provider signature over unsupported shell/env/path fields,Import handoff into local connector,Strict schema/effect boundary rejects; no shell evaluation or runtime trust expansion,evidence/HCP-HAND-05/,NOT_RUN
HCP-HAND-06,HAND,Free path,hosted connector + native package verifier,Public capability available natively and empty CEX balance,Acquire through hosted handoff,"No wallet sync, monetary signature or compulsory platform payment occurs",evidence/HCP-HAND-06/,NOT_RUN
HCP-HAND-07,HAND,Optional reporting,hosted connector + native package verifier,Owner disables readiness reporting,Finish acquisition and inference,No report leaves device; local result remains usable,evidence/HCP-HAND-07/,NOT_RUN
HCP-HAND-08,HAND,Provider disconnect,hosted connector + native package verifier,Ready public capability with provider subsequently unreachable,"Run local workload, release lease and use local cache later",No mandatory CEX heartbeat; fresh hosted actions fail clearly without killing acquired data,evidence/HCP-HAND-08/,NOT_RUN
HCP-LOCAL-01,LOCAL,Resident base reuse,real capability runtime + local/LAN sources,"Exact base resident, compatible adapter on LAN and remote source hint",Ensure the selected recipe,No base re-download; local TTC plan chooses permitted missing components and native result matches baseline,evidence/HCP-LOCAL-01/,NOT_RUN
HCP-LOCAL-02,LOCAL,Faster path not fixed rank,real capability runtime + local/LAN sources,Slow local disk and faster authorized LAN source,Plan using measured inputs then execute,Planner can choose LAN; explains confidence and stage costs without a rigid category hierarchy,evidence/HCP-LOCAL-02/,NOT_RUN
HCP-LOCAL-03,LOCAL,Runtime trust,real capability runtime + local/LAN sources,Provider recommends unsupported executable URL,Plan client/runtime preparation,SOFTWARE_TRUST_REQUIRED or unsupported profile; no automatic untrusted install,evidence/HCP-LOCAL-03/,NOT_RUN
HCP-LOCAL-04,LOCAL,Sparse missing extent,real capability runtime + local/LAN sources,Partially materialized model with an absent required piece,Attempt loading through hosted journey,Verified reader blocks/fails; missing bytes never become zero-valued trusted weights,evidence/HCP-LOCAL-04/,NOT_RUN
HCP-LOCAL-05,LOCAL,Readiness distinction,real capability runtime + local/LAN sources,Transfer complete but runtime warmup fails,Report hosted/local statuses,Download completion is not RUNTIME_READY; financial success remains separate,evidence/HCP-LOCAL-05/,NOT_RUN
HCP-LOCAL-06,LOCAL,Cancel under DMA,real capability runtime + local/LAN sources,Active GPU transfer with remote CEX cancel request,Authorize local cancellation while physical transfer remains active,Lease retained until fence; no stale write to reused generation,evidence/HCP-LOCAL-06/,NOT_RUN
HCP-LOCAL-07,LOCAL,Private state containment,real capability runtime + local/LAN sources,Active prompt/KV/prefix cache and hosted reporting enabled,Send allowed coarse report and export handoff state,"No prompts, completions, KV, pointers or private paths leave local trust domain",evidence/HCP-LOCAL-07/,NOT_RUN
HCP-LOCAL-08,LOCAL,No remote inference shortcut,real capability runtime + local/LAN sources,Local runtime unavailable and provider has a remote inference API,Ensure a LOCAL_ONLY recipe,Returns explicit unsupported/not ready; never forwards a prompt to the provider,evidence/HCP-LOCAL-08/,NOT_RUN
HCP-CUST-01,CUST,Native key capability,isolated native chain + actual supported signer,Custody backend advertising only generic EVM support,Enable FUNDING profile,Profile remains disabled with CUSTODY_UNSUPPORTED; no fabricated BTX signature path,evidence/HCP-CUST-01/,NOT_RUN
HCP-CUST-02,CUST,Frozen script validation,isolated native chain + actual supported signer,Prepared release/bounty tree and approved refund key,"Change claimant, script, amount or refund height before signing",Custody independent validation rejects exact mismatch,evidence/HCP-CUST-02/,NOT_RUN
HCP-CUST-03,CUST,Customer lot attribution,isolated native chain + actual supported signer,Two custodial users co-fund one native round,Prepare/sign/broadcast and reconcile lots,Each contribution maps to its own authorized lot and beneficiary; no principal counted twice,evidence/HCP-CUST-03/,NOT_RUN
HCP-CUST-04,CUST,No synthetic council seats,isolated native chain + actual supported signer,One custodian with many customer subaccounts,Project participants and evaluator rights,Native rules used; subaccounts do not create independent control or votes by UI fiction,evidence/HCP-CUST-04/,NOT_RUN
HCP-CUST-05,CUST,Signer timeout ambiguity,isolated native chain + actual supported signer,Custody creates signature but response is lost,Retry caller and restart executor,Lookup same signing operation; no new independent spend or automatic hold release,evidence/HCP-CUST-05/,NOT_RUN
HCP-CUST-06,CUST,Recovery drill,isolated native chain + actual supported signer,"Encrypted backups of keys, native transaction state and customer ledger",Restore into isolated lab and perform eligible refund,Correct beneficiary recovers; evidence includes native transactions and accounting reconciliation,evidence/HCP-CUST-06/,NOT_RUN
HCP-CUST-07,CUST,Watch-only export honesty,isolated native chain + actual supported signer,Customer exports receipts and public refund paths without keys,Inspect/export recovery explanation,No claim of unilateral refund; custody controller and deadline obligations explicit,evidence/HCP-CUST-07/,NOT_RUN
HCP-CUST-08,CUST,Signer network isolation,isolated native chain + actual supported signer,Malformed native candidate and compromised model helper,Probe custody endpoint through model/public bridge,No route or credential; signer accepts only authenticated typed executor operations,evidence/HCP-CUST-08/,NOT_RUN
HCP-INTENT-01,INTENT,Idempotent creation,transactional gateway + native executor fault injection,Stable client_operation_id and one signed quote,Create twice with same body and then altered amount/terms,Same outcome for same body; 409 for conflict; no second reservation,evidence/HCP-INTENT-01/,NOT_RUN
HCP-INTENT-02,INTENT,Authorization binds intent,transactional gateway + native executor fault injection,Prepared immutable intent approved at policy revision N,Mutate body or raise fees before submit,Expected digest/revision validation rejects before signing,evidence/HCP-INTENT-02/,NOT_RUN
HCP-INTENT-03,INTENT,Expired quote,transactional gateway + native executor fault injection,Firm quote expires before authorized submission,Submit with valid OAuth token,QUOTE_EXPIRED; no native effect; hold handled under proven unsigned state,evidence/HCP-INTENT-03/,NOT_RUN
HCP-INTENT-04,INTENT,Terms change,transactional gateway + native executor fault injection,Approved terms digest differs from current frozen round,Submit the previously prepared intent,TERMS_CHANGED; reprepare requires new explicit authorization,evidence/HCP-INTENT-04/,NOT_RUN
HCP-INTENT-05,INTENT,Crash before broadcast,transactional gateway + native executor fault injection,Signed bytes durably recorded and worker dies before dispatch,Restart and resume execution,Recover exact bytes and native input reservations; at most identical dispatch,evidence/HCP-INTENT-05/,NOT_RUN
HCP-INTENT-06,INTENT,Crash after broadcast,transactional gateway + native executor fault injection,Native accepts transaction but gateway loses response,Restart all API/executor replicas and retry client,BROADCAST_UNKNOWN until reconciled; same bytes only; no second debit,evidence/HCP-INTENT-06/,NOT_RUN
HCP-INTENT-07,INTENT,Cancel boundary,transactional gateway + native executor fault injection,One unsigned prepared intent and one ambiguously broadcast intent,Cancel both,Unsigned cancellation releases safe holds; ambiguous one enters reconciliation without false refund,evidence/HCP-INTENT-07/,NOT_RUN
HCP-INTENT-08,INTENT,Conversion partial success,transactional gateway + native executor fault injection,"Fiat conversion executed, native target becomes ineligible",Continue composite intent,Retain actual converted balance and explicit failed funding leg; no unauthorized reverse trade,evidence/HCP-INTENT-08/,NOT_RUN
HCP-LEDGER-01,LEDGER,Concurrent funds reservation,real partner ledger adapter or transactional native test ledger,One account balance and many simultaneous valid intents,Race reservations across service replicas,Committed holds never exceed available balance; database uniqueness/fencing demonstrated,evidence/HCP-LEDGER-01/,NOT_RUN
HCP-LEDGER-02,LEDGER,Principal versus fees,real partner ledger adapter or transactional native test ledger,"Quote principal, network reserve and service fee",Authorize and render pool/account statements,Only principal enters native funding sum; all debit components itemized,evidence/HCP-LEDGER-02/,NOT_RUN
HCP-LEDGER-03,LEDGER,Lifetime limit,real partner ledger adapter or transactional native test ledger,Policy has limited lifetime principal plus separate outstanding cap,"Spend, refund and attempt another action",Exposure may decrease after proven refund; lifetime budget does not silently replenish,evidence/HCP-LEDGER-03/,NOT_RUN
HCP-LEDGER-04,LEDGER,Overlapping batch outputs,real partner ledger adapter or transactional native test ledger,Native batch contains output referenced by two ledger entries,Reconcile funded commitments,Duplicate attribution rejected; ledger cannot credit two customers for one economic output,evidence/HCP-LEDGER-04/,NOT_RUN
HCP-LEDGER-05,LEDGER,Native money bounds,real partner ledger adapter or transactional native test ledger,Amount string exceeds native range or has leading zero/exponent,Prepare quote/intent,Reject before integer overflow or native signing; native MoneyRange still enforced,evidence/HCP-LEDGER-05/,NOT_RUN
HCP-LEDGER-06,LEDGER,Fee change,real partner ledger adapter or transactional native test ledger,Network fee required exceeds approved fee cap,Executor attempts replacement/rebuild,Fresh authority required; no hidden principal reduction or fee overrun,evidence/HCP-LEDGER-06/,NOT_RUN
HCP-LEDGER-07,LEDGER,Reservation persistence,real partner ledger adapter or transactional native test ledger,Accepted intent and held funds before database/process crash,Restore and reconcile,Financial intent and hold durably coupled; no orphan release or missing liability,evidence/HCP-LEDGER-07/,NOT_RUN
HCP-LEDGER-08,LEDGER,Statements,real partner ledger adapter or transactional native test ledger,"Available, held, escrow, claimed and refunded positions coexist",Generate customer and aggregate reconciliation report,No double-counted available capital; ledger balances and native output attribution reconcile,evidence/HCP-LEDGER-08/,NOT_RUN
HCP-CHAIN-01,CHAIN,202 is not settlement,native BTX test network with controllable reorgs,Native submission accepted asynchronously,Read API receipt immediately,State is pending/accepted; not funded or final until evidence threshold,evidence/HCP-CHAIN-01/,NOT_RUN
HCP-CHAIN-02,CHAIN,Confirmation policy,native BTX test network with controllable reorgs,One valid transaction progresses through configured confirmations,Observe at each anchor,"Threshold applied; anchor/hash/count exposed as observation, not absolute finality",evidence/HCP-CHAIN-02/,NOT_RUN
HCP-CHAIN-03,CHAIN,Reorg correction,native BTX test network with controllable reorgs,Confirmed funding falls out of active chain,Reorganize and deliver observer update,"Corrective receipt/event, no budget reset or duplicate funding; dependent unsent work paused",evidence/HCP-CHAIN-03/,NOT_RUN
HCP-CHAIN-04,CHAIN,Disclosed secret survives reorg,native BTX test network with controllable reorgs,Valid release secret observed before claim reorg,Revert chain anchor,Knowledge state remains disclosed; settlement state reverts independently,evidence/HCP-CHAIN-04/,NOT_RUN
HCP-CHAIN-05,CHAIN,Observer outage,native BTX test network with controllable reorgs,Native node temporarily unavailable,Query finance state and attempt dependent action,NATIVE_VERIFIER_UNAVAILABLE/unknown; absence not claimed and no automatic respend,evidence/HCP-CHAIN-05/,NOT_RUN
HCP-CHAIN-06,CHAIN,Verifier disagreement,native BTX test network with controllable reorgs,CEX observer and configured independent verifier disagree,Evaluate required financial prerequisite,Explicit conflict; no merged fake certainty; free public data remains separately acquirable,evidence/HCP-CHAIN-06/,NOT_RUN
HCP-CHAIN-07,CHAIN,Refund conditions,native BTX test network with controllable reorgs,Unawarded bounty before and after native refund height,Try refund with exact stored template,Early attempt denied; eligible refund follows native verification and correct beneficiary credit,evidence/HCP-CHAIN-07/,NOT_RUN
HCP-CHAIN-08,CHAIN,Receipt authority label,native BTX test network with controllable reorgs,Provider receipt reports a native-node observation,Import on walletless local client,Displayed as HOSTED_ATTESTED unless independently checked; no SPV/full validation claim from signature alone,evidence/HCP-CHAIN-08/,NOT_RUN
HCP-EVENT-01,EVENT,At-least-once duplicate,durable outbox + stream/webhook clients,One native transition delivered repeatedly through SSE,Restart client between deliveries,One logical local action; event duplicate retained safely without promise of exactly-once transport,evidence/HCP-EVENT-01/,NOT_RUN
HCP-EVENT-02,EVENT,Cursor retention,durable outbox + stream/webhook clients,Client cursor predates retained history,Request events,"CURSOR_TOO_OLD plus reconciliation route, not empty success",evidence/HCP-EVENT-02/,NOT_RUN
HCP-EVENT-03,EVENT,Account cursor binding,durable outbox + stream/webhook clients,Cursor for account A and filter F,Use with B or altered filter,Rejected; no cross-tenant event leakage,evidence/HCP-EVENT-03/,NOT_RUN
HCP-EVENT-04,EVENT,Future subscription race,durable outbox + stream/webhook clients,Many workers see same publisher event under finite policy,Create action concurrently,One durable policy/event/action business key; no duplicate debit,evidence/HCP-EVENT-04/,NOT_RUN
HCP-EVENT-05,EVENT,Catalogue restore,durable outbox + stream/webhook clients,Restore old records after index rebuild,Replay discovery into subscriptions,Historical matches not counted as new chargeable events,evidence/HCP-EVENT-05/,NOT_RUN
HCP-EVENT-06,EVENT,Outbox crash,durable outbox + stream/webhook clients,State committed but event delivery interrupted,Recover worker,Event eventually delivered from durable outbox without losing accepted transition,evidence/HCP-EVENT-06/,NOT_RUN
HCP-EVENT-07,EVENT,Webhook SSRF,durable outbox + stream/webhook clients,"Callback targets loopback, private metadata address or rebinding host",Register and trigger callback,Configuration policy/DNS/network controls block; no credentials or internal response disclosed,evidence/HCP-EVENT-07/,NOT_RUN
HCP-EVENT-08,EVENT,Revoked subscription,durable outbox + stream/webhook clients,Policy revoked with queued events,Process queue after revocation,No new signatures; dispatched intents remain reconcilable and visible,evidence/HCP-EVENT-08/,NOT_RUN
HCP-FLEET-01,FLEET,Pair exact device,real browser + owner-only client connector,Device key and short-lived pairing challenge,Approve from authenticated account,Device/account binding confirmed on both ends; wrong/expired challenge rejected,evidence/HCP-FLEET-01/,NOT_RUN
HCP-FLEET-02,FLEET,No ambient localhost API,real browser + owner-only client connector,Malicious web page probes local daemon,Try GET/POST/CORS/custom URI calls,No unrestricted privileged route; no finance token in URI or local process launch,evidence/HCP-FLEET-02/,NOT_RUN
HCP-FLEET-03,FLEET,Outbound-only handoff,real browser + owner-only client connector,Paired device behind NAT/firewall,Queue capability handoff,Device retrieves through authorized outbound session without opening inbound execution port,evidence/HCP-FLEET-03/,NOT_RUN
HCP-FLEET-04,FLEET,Device revocation,real browser + owner-only client connector,Paired device with pending handoff,Revoke pair then poll/report,New handoffs/reports rejected as configured; already local public model stays under owner policy,evidence/HCP-FLEET-04/,NOT_RUN
HCP-FLEET-05,FLEET,Cross-device replay,real browser + owner-only client connector,Handoff for one fleet device,Replay to another device in same account,Device/nonce binding rejects without changing selected recipe,evidence/HCP-FLEET-05/,NOT_RUN
HCP-FLEET-06,FLEET,Coarse progress,real browser + owner-only client connector,"Transfer complete, runtime not ready and later ready",Render portal updates,Correct stages; no private paths/prompts; readiness only after valid device observation,evidence/HCP-FLEET-06/,NOT_RUN
HCP-FLEET-07,FLEET,CEX cannot administer local grant,real browser + owner-only client connector,CEX fleet admin attempts to broaden execution policy,Send remote grant mutation disguised as handoff,Local owner/organization policy authority required; hosted credential insufficient,evidence/HCP-FLEET-07/,NOT_RUN
HCP-FLEET-08,FLEET,Mixed platform fleet,real browser + owner-only client connector,Two genuinely supported local platforms and different recipes,Launch same capability request via portal,Each local resolver selects eligible exact implementation; unsupported runtime fails explicitly,evidence/HCP-FLEET-08/,NOT_RUN
HCP-PRIV-01,PRIV,Prompts stay local,packet capture + logs/export fixtures,Real local inference after hosted handoff,Capture all provider traffic,"No prompts, completions, KV or prefix-state identifiers in provider requests",evidence/HCP-PRIV-01/,NOT_RUN
HCP-PRIV-02,PRIV,Inventory off by default,packet capture + logs/export fixtures,Local residency contains private models/hardware identifiers,Search and ensure using default reporting policy,No full inventory/fingerprint exfiltration; coarse capability constraints only if approved,evidence/HCP-PRIV-02/,NOT_RUN
HCP-PRIV-03,PRIV,Private URL redaction,packet capture + logs/export fixtures,Source origin includes bearer query credential,"Generate package, receipt, logs and export",Secret URL excluded/redacted; public hints contain no access capability,evidence/HCP-PRIV-03/,NOT_RUN
HCP-PRIV-04,PRIV,Tenant analytics,packet capture + logs/export fixtures,Two tenants with low-volume distinctive capability requests,Produce analytics views,No customer-identifying cross-tenant exposure; cohort policy or suppression applied,evidence/HCP-PRIV-04/,NOT_RUN
HCP-PRIV-05,PRIV,Required versus optional records,packet capture + logs/export fixtures,Owner disables product analytics,Fund a permitted native action,Optional analytics off; required financial records retained under declared policy without public broadcast,evidence/HCP-PRIV-05/,NOT_RUN
HCP-PRIV-06,PRIV,Read token in runtime,packet capture + logs/export fixtures,Connector authenticated to CEX,Spawn local loader worker and inspect environment/FDs,No provider/custody/cloud token inherited,evidence/HCP-PRIV-06/,NOT_RUN
HCP-PRIV-07,PRIV,Native-only acquisition,packet capture + logs/export fixtures,Enrolled hosted metadata provider but model policy NATIVE_ONLY,Return external cloud URL as source hint,External payload fetch denied unless separately approved; metadata permission not origin permission,evidence/HCP-PRIV-07/,NOT_RUN
HCP-PRIV-08,PRIV,No inference billing,packet capture + logs/export fixtures,Model runs repeatedly after free or funded acquisition,Inspect exchange/network events,No mandatory per-inference BTX debit or usage heartbeat introduced,evidence/HCP-PRIV-08/,NOT_RUN
HCP-PORT-01,PORT,Discovery switch,two independent test providers + client export,Exact package/lock acquired using A,Export and import under B,Identity preserved; new provider authentication explicit; no software trust migration,evidence/HCP-PORT-01/,NOT_RUN
HCP-PORT-02,PORT,Uncertain finance across providers,two independent test providers + client export,A has BROADCAST_UNKNOWN intent,Switch discovery to B,No automatic equivalent funding at B; unresolved A obligation remains visible,evidence/HCP-PORT-02/,NOT_RUN
HCP-PORT-03,PORT,Free use after exit,two independent test providers + client export,Public assets and runtime lease local,Revoke CEX enrollment and disconnect network,Local permitted use persists; no origin/issuer heartbeat dependency,evidence/HCP-PORT-03/,NOT_RUN
HCP-PORT-04,PORT,Custody exit statement,two independent test providers + client export,Pending lots and refunds under custodial keys,Export customer state,"Native references, controller and conditions explicit; not falsely called self-custody",evidence/HCP-PORT-04/,NOT_RUN
HCP-PORT-05,PORT,Schema evolution,two independent test providers + client export,HCP/1 client sees unknown critical profile capability,Attempt action,Fail closed with version error; no unsafe downcast into generic RPC,evidence/HCP-PORT-05/,NOT_RUN
HCP-PORT-06,PORT,Migration interruption,two independent test providers + client export,Local connector/account schema migration mid-write,Crash/restart using backed-up fixtures,Atomic/restartable migration; enrollments and financial histories not silently dropped,evidence/HCP-PORT-06/,NOT_RUN
HCP-PORT-07,PORT,Independent SDK parity,two independent test providers + client export,Python and TypeScript serializations of same intent,Hash and compare canonical signed body,Identical body_id and decimal values; unsupported encodings rejected consistently,evidence/HCP-PORT-07/,NOT_RUN
HCP-PORT-08,PORT,No native core rewrite,two independent test providers + client export,Hosted wrapper of existing Core v3 package,Remove wrapper and use native client,Original native package and recipe remain exact and usable,evidence/HCP-PORT-08/,NOT_RUN
HCP-OPS-01,OPS,Public bridge isolation,isolated integration environment + operator runbooks,Existing read-only explorer/browser bridge,Try all hosted finance method names and path variants,Remains read-only; new API service is not a native wallet proxy,evidence/HCP-OPS-01/,NOT_RUN
HCP-OPS-02,OPS,Money-only regression,isolated integration environment + operator runbooks,WITH_MODELNET=OFF build and helper-kill fixture,Build/run monetary regression and stop model/capability helper,Money unaffected; hosted model operations fail safely,evidence/HCP-OPS-02/,NOT_RUN
HCP-OPS-03,OPS,Replica fencing,isolated integration environment + operator runbooks,Two finance executors race ownership lease,Force lease expiry/network partition during submit,Only fenced owner initiates new signing; reconciliation prevents replacement spend,evidence/HCP-OPS-03/,NOT_RUN
HCP-OPS-04,OPS,Scale within limits,isolated integration environment + operator runbooks,Configured concurrent SSE/search/intents beyond capacity,Load test with held-down native dependency,"Backpressure/rate limits, bounded memory and durable accepted intents; no false success",evidence/HCP-OPS-04/,NOT_RUN
HCP-OPS-05,OPS,No production side effects,isolated integration environment + operator runbooks,Live process/keys alongside isolated test prefix,Run conformance and recovery scripts,"No production binary replacement, wallet mutation or restart; record evidence paths",evidence/HCP-OPS-05/,NOT_RUN
HCP-OPS-06,OPS,Provider compromise drill,isolated integration environment + operator runbooks,Revoke operational control key during active account session,Recover with independently enrolled root,New unsafe actions stop; native spending keys remain separate; historical receipts retain context,evidence/HCP-OPS-06/,NOT_RUN
HCP-OPS-07,OPS,Claimed profile evidence,isolated integration environment + operator runbooks,Backend flag is enabled but native signer or runtime test unavailable,Generate go-live manifest,Profile support not reported proven; specific NOT_RUN/blocker exposed,evidence/HCP-OPS-07/,NOT_RUN
HCP-OPS-08,OPS,Full audit closure,isolated integration environment + operator runbooks,All individual cases and J01–J12 have evidence rows,Independent reviewers reconcile final candidate,PASS only for executed relevant tier; unresolved mandatory failures block advertised profile,evidence/HCP-OPS-08/,NOT_RUN
